-- -------------------------------------------------------------
-- TablePlus 4.6.8(424)
--
-- https://tableplus.com/
--
-- Database: phont_db
-- Generation Time: 2022-06-08 02:09:34.0230
-- -------------------------------------------------------------


/*!40101 SET @OLD_CHARACTER_SET_CLIENT=@@CHARACTER_SET_CLIENT */;
/*!40101 SET @OLD_CHARACTER_SET_RESULTS=@@CHARACTER_SET_RESULTS */;
/*!40101 SET @OLD_COLLATION_CONNECTION=@@COLLATION_CONNECTION */;
/*!40101 SET NAMES utf8mb4 */;
/*!40014 SET @OLD_UNIQUE_CHECKS=@@UNIQUE_CHECKS, UNIQUE_CHECKS=0 */;
/*!40014 SET @OLD_FOREIGN_KEY_CHECKS=@@FOREIGN_KEY_CHECKS, FOREIGN_KEY_CHECKS=0 */;
/*!40101 SET @OLD_SQL_MODE=@@SQL_MODE, SQL_MODE='NO_AUTO_VALUE_ON_ZERO' */;
/*!40111 SET @OLD_SQL_NOTES=@@SQL_NOTES, SQL_NOTES=0 */;


DROP TABLE IF EXISTS `brv_comment`;
CREATE TABLE `brv_comment` (
  `id` bigint unsigned NOT NULL AUTO_INCREMENT,
  `post_id` int unsigned NOT NULL,
  `content` longtext CHARACTER SET utf8mb4 COLLATE utf8mb4_unicode_ci,
  `name` varchar(255) CHARACTER SET utf8mb4 COLLATE utf8mb4_unicode_ci NOT NULL,
  `phone` int NOT NULL DEFAULT '0',
  `parent` int NOT NULL DEFAULT '0',
  `status` varchar(255) CHARACTER SET utf8mb4 COLLATE utf8mb4_unicode_ci NOT NULL DEFAULT '0',
  `created_at` timestamp NULL DEFAULT NULL,
  `updated_at` timestamp NULL DEFAULT NULL,
  PRIMARY KEY (`id`),
  KEY `comment_post_id_foreign` (`post_id`),
  CONSTRAINT `comment_post_id_foreign` FOREIGN KEY (`post_id`) REFERENCES `brv_posts` (`id`)
) ENGINE=InnoDB AUTO_INCREMENT=3 DEFAULT CHARSET=utf8mb4 COLLATE=utf8mb4_unicode_ci;

DROP TABLE IF EXISTS `brv_options`;
CREATE TABLE `brv_options` (
  `id` int unsigned NOT NULL AUTO_INCREMENT,
  `name` varchar(255) CHARACTER SET utf8mb4 COLLATE utf8mb4_unicode_ci NOT NULL,
  `value` longtext CHARACTER SET utf8mb4 COLLATE utf8mb4_unicode_ci,
  `autoload` varchar(20) CHARACTER SET utf8mb4 COLLATE utf8mb4_unicode_ci DEFAULT 'yes',
  PRIMARY KEY (`id`)
) ENGINE=InnoDB AUTO_INCREMENT=44 DEFAULT CHARSET=utf8mb4 COLLATE=utf8mb4_unicode_ci;

DROP TABLE IF EXISTS `brv_post_meta`;
CREATE TABLE `brv_post_meta` (
  `id` int unsigned NOT NULL AUTO_INCREMENT,
  `post_id` int unsigned NOT NULL,
  `key` varchar(191) CHARACTER SET utf8mb4 COLLATE utf8mb4_unicode_ci NOT NULL,
  `value` longtext CHARACTER SET utf8mb4 COLLATE utf8mb4_unicode_ci,
  PRIMARY KEY (`id`),
  KEY `post_meta_post_id_foreign` (`post_id`),
  CONSTRAINT `post_meta_post_id_foreign` FOREIGN KEY (`post_id`) REFERENCES `brv_posts` (`id`)
) ENGINE=InnoDB AUTO_INCREMENT=573 DEFAULT CHARSET=utf8mb4 COLLATE=utf8mb4_unicode_ci;

DROP TABLE IF EXISTS `brv_posts`;
CREATE TABLE `brv_posts` (
  `id` int unsigned NOT NULL AUTO_INCREMENT,
  `user_id` bigint unsigned NOT NULL DEFAULT '0',
  `title` varchar(255) CHARACTER SET utf8mb4 COLLATE utf8mb4_unicode_ci NOT NULL,
  `thumb` varchar(500) CHARACTER SET utf8mb4 COLLATE utf8mb4_unicode_ci DEFAULT NULL,
  `slug` varchar(255) CHARACTER SET utf8mb4 COLLATE utf8mb4_unicode_ci NOT NULL,
  `content` longtext CHARACTER SET utf8mb4 COLLATE utf8mb4_unicode_ci,
  `excerpt` text CHARACTER SET utf8mb4 COLLATE utf8mb4_unicode_ci,
  `status` varchar(20) CHARACTER SET utf8mb4 COLLATE utf8mb4_unicode_ci NOT NULL DEFAULT '1',
  `type` varchar(20) CHARACTER SET utf8mb4 COLLATE utf8mb4_unicode_ci NOT NULL DEFAULT '',
  `subtype` varchar(20) CHARACTER SET utf8mb4 COLLATE utf8mb4_unicode_ci NOT NULL DEFAULT '',
  `parent` int NOT NULL DEFAULT '0',
  `order` int NOT NULL DEFAULT '0',
  `view` int NOT NULL DEFAULT '0',
  `lang` varchar(4) CHARACTER SET utf8mb4 COLLATE utf8mb4_unicode_ci NOT NULL DEFAULT 'vi',
  `created_at` timestamp NULL DEFAULT NULL,
  `updated_at` timestamp NULL DEFAULT NULL,
  PRIMARY KEY (`id`),
  UNIQUE KEY `posts_slug_unique` (`slug`),
  KEY `posts_user_id_foreign` (`user_id`),
  CONSTRAINT `posts_user_id_foreign` FOREIGN KEY (`user_id`) REFERENCES `users` (`id`)
) ENGINE=InnoDB AUTO_INCREMENT=73 DEFAULT CHARSET=utf8mb4 COLLATE=utf8mb4_unicode_ci;

DROP TABLE IF EXISTS `brv_receive_data`;
CREATE TABLE `brv_receive_data` (
  `id` int unsigned NOT NULL AUTO_INCREMENT,
  `name` varchar(255) CHARACTER SET utf8mb4 COLLATE utf8mb4_unicode_ci DEFAULT NULL,
  `email` varchar(255) CHARACTER SET utf8mb4 COLLATE utf8mb4_unicode_ci DEFAULT NULL,
  `phone` varchar(255) CHARACTER SET utf8mb4 COLLATE utf8mb4_unicode_ci DEFAULT NULL,
  `add` varchar(255) CHARACTER SET utf8mb4 COLLATE utf8mb4_unicode_ci DEFAULT NULL,
  `title` varchar(255) CHARACTER SET utf8mb4 COLLATE utf8mb4_unicode_ci DEFAULT NULL,
  `description` varchar(255) CHARACTER SET utf8mb4 COLLATE utf8mb4_unicode_ci DEFAULT NULL,
  `note` longtext CHARACTER SET utf8mb4 COLLATE utf8mb4_unicode_ci,
  `content` longtext CHARACTER SET utf8mb4 COLLATE utf8mb4_unicode_ci,
  `status` int NOT NULL DEFAULT '0',
  `type` varchar(20) CHARACTER SET utf8mb4 COLLATE utf8mb4_unicode_ci NOT NULL DEFAULT '',
  `created_at` timestamp NULL DEFAULT NULL,
  `updated_at` timestamp NULL DEFAULT NULL,
  PRIMARY KEY (`id`)
) ENGINE=InnoDB AUTO_INCREMENT=51 DEFAULT CHARSET=utf8mb4 COLLATE=utf8mb4_unicode_ci;

DROP TABLE IF EXISTS `brv_receive_data_cart`;
CREATE TABLE `brv_receive_data_cart` (
  `id` int unsigned NOT NULL AUTO_INCREMENT,
  `receive_data_id` int unsigned NOT NULL,
  `post_id` int unsigned NOT NULL,
  `name` varchar(255) CHARACTER SET utf8mb4 COLLATE utf8mb4_unicode_ci NOT NULL,
  `qty` int NOT NULL DEFAULT '0',
  `price` int NOT NULL DEFAULT '0',
  `weight` int NOT NULL DEFAULT '0',
  `discount` int NOT NULL DEFAULT '0',
  `tax` int NOT NULL DEFAULT '0',
  `subtotal` int NOT NULL DEFAULT '0',
  `options` longtext CHARACTER SET utf8mb4 COLLATE utf8mb4_unicode_ci,
  PRIMARY KEY (`id`),
  KEY `receive_data_cart_receive_data_id_foreign` (`receive_data_id`),
  KEY `receive_data_cart_post_id_foreign` (`post_id`),
  CONSTRAINT `receive_data_cart_post_id_foreign` FOREIGN KEY (`post_id`) REFERENCES `brv_posts` (`id`),
  CONSTRAINT `receive_data_cart_receive_data_id_foreign` FOREIGN KEY (`receive_data_id`) REFERENCES `brv_receive_data` (`id`)
) ENGINE=InnoDB AUTO_INCREMENT=61 DEFAULT CHARSET=utf8mb4 COLLATE=utf8mb4_unicode_ci;

DROP TABLE IF EXISTS `brv_receive_data_meta`;
CREATE TABLE `brv_receive_data_meta` (
  `id` int unsigned NOT NULL AUTO_INCREMENT,
  `receive_data_id` int unsigned NOT NULL,
  `key` varchar(191) CHARACTER SET utf8mb4 COLLATE utf8mb4_unicode_ci NOT NULL,
  `value` longtext CHARACTER SET utf8mb4 COLLATE utf8mb4_unicode_ci NOT NULL,
  PRIMARY KEY (`id`),
  KEY `receive_data_meta_receive_data_id_foreign` (`receive_data_id`),
  CONSTRAINT `receive_data_meta_receive_data_id_foreign` FOREIGN KEY (`receive_data_id`) REFERENCES `brv_receive_data` (`id`)
) ENGINE=InnoDB AUTO_INCREMENT=322 DEFAULT CHARSET=utf8mb4 COLLATE=utf8mb4_unicode_ci;

DROP TABLE IF EXISTS `brv_term_meta`;
CREATE TABLE `brv_term_meta` (
  `id` int unsigned NOT NULL AUTO_INCREMENT,
  `term_id` int unsigned NOT NULL,
  `key` varchar(191) CHARACTER SET utf8mb4 COLLATE utf8mb4_unicode_ci NOT NULL,
  `value` varchar(255) CHARACTER SET utf8mb4 COLLATE utf8mb4_unicode_ci NOT NULL DEFAULT '',
  `created_at` timestamp NULL DEFAULT NULL,
  `updated_at` timestamp NULL DEFAULT NULL,
  PRIMARY KEY (`id`),
  KEY `term_meta_term_id_foreign` (`term_id`),
  CONSTRAINT `term_meta_term_id_foreign` FOREIGN KEY (`term_id`) REFERENCES `brv_terms` (`id`)
) ENGINE=InnoDB DEFAULT CHARSET=utf8mb4 COLLATE=utf8mb4_unicode_ci;

DROP TABLE IF EXISTS `brv_term_relationships`;
CREATE TABLE `brv_term_relationships` (
  `id` int unsigned NOT NULL AUTO_INCREMENT,
  `term_id` int unsigned NOT NULL,
  `post_id` int unsigned NOT NULL,
  `term_order` int DEFAULT '0',
  PRIMARY KEY (`id`),
  KEY `term_relationships_term_id_foreign` (`term_id`),
  KEY `term_relationships_post_id_foreign` (`post_id`),
  CONSTRAINT `term_relationships_post_id_foreign` FOREIGN KEY (`post_id`) REFERENCES `brv_posts` (`id`),
  CONSTRAINT `term_relationships_term_id_foreign` FOREIGN KEY (`term_id`) REFERENCES `brv_terms` (`id`)
) ENGINE=InnoDB AUTO_INCREMENT=233 DEFAULT CHARSET=utf8mb4 COLLATE=utf8mb4_unicode_ci;

DROP TABLE IF EXISTS `brv_terms`;
CREATE TABLE `brv_terms` (
  `id` int unsigned NOT NULL AUTO_INCREMENT,
  `name` varchar(100) CHARACTER SET utf8mb4 COLLATE utf8mb4_unicode_ci NOT NULL,
  `slug` varchar(100) CHARACTER SET utf8mb4 COLLATE utf8mb4_unicode_ci NOT NULL,
  `taxonomy` varchar(20) CHARACTER SET utf8mb4 COLLATE utf8mb4_unicode_ci NOT NULL,
  `description` longtext CHARACTER SET utf8mb4 COLLATE utf8mb4_unicode_ci,
  `parent` int NOT NULL DEFAULT '0',
  `created_at` timestamp NULL DEFAULT NULL,
  `updated_at` timestamp NULL DEFAULT NULL,
  PRIMARY KEY (`id`),
  UNIQUE KEY `terms_slug_unique` (`slug`)
) ENGINE=InnoDB AUTO_INCREMENT=13 DEFAULT CHARSET=utf8mb4 COLLATE=utf8mb4_unicode_ci;

DROP TABLE IF EXISTS `brv_user_meta`;
CREATE TABLE `brv_user_meta` (
  `id` int unsigned NOT NULL AUTO_INCREMENT,
  `user_id` bigint unsigned NOT NULL,
  `key` varchar(191) CHARACTER SET utf8mb4 COLLATE utf8mb4_unicode_ci NOT NULL,
  `value` varchar(191) CHARACTER SET utf8mb4 COLLATE utf8mb4_unicode_ci NOT NULL DEFAULT '',
  PRIMARY KEY (`id`),
  KEY `user_meta_user_id_foreign` (`user_id`),
  CONSTRAINT `user_meta_user_id_foreign` FOREIGN KEY (`user_id`) REFERENCES `users` (`id`)
) ENGINE=InnoDB AUTO_INCREMENT=7 DEFAULT CHARSET=utf8mb4 COLLATE=utf8mb4_unicode_ci;

DROP TABLE IF EXISTS `failed_jobs`;
CREATE TABLE `failed_jobs` (
  `id` bigint unsigned NOT NULL AUTO_INCREMENT,
  `uuid` varchar(255) CHARACTER SET utf8mb4 COLLATE utf8mb4_unicode_ci NOT NULL,
  `connection` text CHARACTER SET utf8mb4 COLLATE utf8mb4_unicode_ci NOT NULL,
  `queue` text CHARACTER SET utf8mb4 COLLATE utf8mb4_unicode_ci NOT NULL,
  `payload` longtext CHARACTER SET utf8mb4 COLLATE utf8mb4_unicode_ci NOT NULL,
  `exception` longtext CHARACTER SET utf8mb4 COLLATE utf8mb4_unicode_ci NOT NULL,
  `failed_at` timestamp NOT NULL DEFAULT CURRENT_TIMESTAMP,
  PRIMARY KEY (`id`),
  UNIQUE KEY `failed_jobs_uuid_unique` (`uuid`)
) ENGINE=InnoDB DEFAULT CHARSET=utf8mb4 COLLATE=utf8mb4_unicode_ci;

DROP TABLE IF EXISTS `migrations`;
CREATE TABLE `migrations` (
  `id` int unsigned NOT NULL AUTO_INCREMENT,
  `migration` varchar(255) CHARACTER SET utf8mb4 COLLATE utf8mb4_unicode_ci NOT NULL,
  `batch` int NOT NULL,
  PRIMARY KEY (`id`)
) ENGINE=InnoDB AUTO_INCREMENT=22 DEFAULT CHARSET=utf8mb4 COLLATE=utf8mb4_unicode_ci;

DROP TABLE IF EXISTS `model_has_permissions`;
CREATE TABLE `model_has_permissions` (
  `permission_id` bigint unsigned NOT NULL,
  `model_type` varchar(255) CHARACTER SET utf8mb4 COLLATE utf8mb4_unicode_ci NOT NULL,
  `model_id` bigint unsigned NOT NULL,
  PRIMARY KEY (`permission_id`,`model_id`,`model_type`),
  KEY `model_has_permissions_model_id_model_type_index` (`model_id`,`model_type`),
  CONSTRAINT `model_has_permissions_permission_id_foreign` FOREIGN KEY (`permission_id`) REFERENCES `permissions` (`id`) ON DELETE CASCADE
) ENGINE=InnoDB DEFAULT CHARSET=utf8mb4 COLLATE=utf8mb4_unicode_ci;

DROP TABLE IF EXISTS `model_has_roles`;
CREATE TABLE `model_has_roles` (
  `role_id` bigint unsigned NOT NULL,
  `model_type` varchar(255) CHARACTER SET utf8mb4 COLLATE utf8mb4_unicode_ci NOT NULL,
  `model_id` bigint unsigned NOT NULL,
  PRIMARY KEY (`role_id`,`model_id`,`model_type`),
  KEY `model_has_roles_model_id_model_type_index` (`model_id`,`model_type`),
  CONSTRAINT `model_has_roles_role_id_foreign` FOREIGN KEY (`role_id`) REFERENCES `roles` (`id`) ON DELETE CASCADE
) ENGINE=InnoDB DEFAULT CHARSET=utf8mb4 COLLATE=utf8mb4_unicode_ci;

DROP TABLE IF EXISTS `password_resets`;
CREATE TABLE `password_resets` (
  `email` varchar(255) CHARACTER SET utf8mb4 COLLATE utf8mb4_unicode_ci NOT NULL,
  `token` varchar(255) CHARACTER SET utf8mb4 COLLATE utf8mb4_unicode_ci NOT NULL,
  `created_at` timestamp NULL DEFAULT NULL,
  KEY `password_resets_email_index` (`email`)
) ENGINE=InnoDB DEFAULT CHARSET=utf8mb4 COLLATE=utf8mb4_unicode_ci;

DROP TABLE IF EXISTS `permissions`;
CREATE TABLE `permissions` (
  `id` bigint unsigned NOT NULL AUTO_INCREMENT,
  `name` varchar(255) CHARACTER SET utf8mb4 COLLATE utf8mb4_unicode_ci NOT NULL,
  `guard_name` varchar(255) CHARACTER SET utf8mb4 COLLATE utf8mb4_unicode_ci NOT NULL,
  `created_at` timestamp NULL DEFAULT NULL,
  `updated_at` timestamp NULL DEFAULT NULL,
  PRIMARY KEY (`id`),
  UNIQUE KEY `permissions_name_guard_name_unique` (`name`,`guard_name`)
) ENGINE=InnoDB DEFAULT CHARSET=utf8mb4 COLLATE=utf8mb4_unicode_ci;

DROP TABLE IF EXISTS `personal_access_tokens`;
CREATE TABLE `personal_access_tokens` (
  `id` bigint unsigned NOT NULL AUTO_INCREMENT,
  `tokenable_type` varchar(255) CHARACTER SET utf8mb4 COLLATE utf8mb4_unicode_ci NOT NULL,
  `tokenable_id` bigint unsigned NOT NULL,
  `name` varchar(255) CHARACTER SET utf8mb4 COLLATE utf8mb4_unicode_ci NOT NULL,
  `token` varchar(64) CHARACTER SET utf8mb4 COLLATE utf8mb4_unicode_ci NOT NULL,
  `abilities` text CHARACTER SET utf8mb4 COLLATE utf8mb4_unicode_ci,
  `last_used_at` timestamp NULL DEFAULT NULL,
  `created_at` timestamp NULL DEFAULT NULL,
  `updated_at` timestamp NULL DEFAULT NULL,
  PRIMARY KEY (`id`),
  UNIQUE KEY `personal_access_tokens_token_unique` (`token`),
  KEY `personal_access_tokens_tokenable_type_tokenable_id_index` (`tokenable_type`,`tokenable_id`)
) ENGINE=InnoDB DEFAULT CHARSET=utf8mb4 COLLATE=utf8mb4_unicode_ci;

DROP TABLE IF EXISTS `role_has_permissions`;
CREATE TABLE `role_has_permissions` (
  `permission_id` bigint unsigned NOT NULL,
  `role_id` bigint unsigned NOT NULL,
  PRIMARY KEY (`permission_id`,`role_id`),
  KEY `role_has_permissions_role_id_foreign` (`role_id`),
  CONSTRAINT `role_has_permissions_permission_id_foreign` FOREIGN KEY (`permission_id`) REFERENCES `permissions` (`id`) ON DELETE CASCADE,
  CONSTRAINT `role_has_permissions_role_id_foreign` FOREIGN KEY (`role_id`) REFERENCES `roles` (`id`) ON DELETE CASCADE
) ENGINE=InnoDB DEFAULT CHARSET=utf8mb4 COLLATE=utf8mb4_unicode_ci;

DROP TABLE IF EXISTS `roles`;
CREATE TABLE `roles` (
  `id` bigint unsigned NOT NULL AUTO_INCREMENT,
  `name` varchar(255) CHARACTER SET utf8mb4 COLLATE utf8mb4_unicode_ci NOT NULL,
  `guard_name` varchar(255) CHARACTER SET utf8mb4 COLLATE utf8mb4_unicode_ci NOT NULL,
  `created_at` timestamp NULL DEFAULT NULL,
  `updated_at` timestamp NULL DEFAULT NULL,
  PRIMARY KEY (`id`),
  UNIQUE KEY `roles_name_guard_name_unique` (`name`,`guard_name`)
) ENGINE=InnoDB AUTO_INCREMENT=2 DEFAULT CHARSET=utf8mb4 COLLATE=utf8mb4_unicode_ci;

DROP TABLE IF EXISTS `sessions`;
CREATE TABLE `sessions` (
  `id` varchar(255) CHARACTER SET utf8mb4 COLLATE utf8mb4_unicode_ci NOT NULL,
  `user_id` bigint unsigned DEFAULT NULL,
  `ip_address` varchar(45) CHARACTER SET utf8mb4 COLLATE utf8mb4_unicode_ci DEFAULT NULL,
  `user_agent` text CHARACTER SET utf8mb4 COLLATE utf8mb4_unicode_ci,
  `payload` text CHARACTER SET utf8mb4 COLLATE utf8mb4_unicode_ci NOT NULL,
  `last_activity` int NOT NULL,
  PRIMARY KEY (`id`),
  KEY `sessions_user_id_index` (`user_id`),
  KEY `sessions_last_activity_index` (`last_activity`)
) ENGINE=InnoDB DEFAULT CHARSET=utf8mb4 COLLATE=utf8mb4_unicode_ci;

DROP TABLE IF EXISTS `users`;
CREATE TABLE `users` (
  `id` bigint unsigned NOT NULL AUTO_INCREMENT,
  `name` varchar(255) CHARACTER SET utf8mb4 COLLATE utf8mb4_unicode_ci NOT NULL,
  `email` varchar(255) CHARACTER SET utf8mb4 COLLATE utf8mb4_unicode_ci NOT NULL,
  `email_verified_at` timestamp NULL DEFAULT NULL,
  `password` varchar(255) CHARACTER SET utf8mb4 COLLATE utf8mb4_unicode_ci NOT NULL,
  `avatar` varchar(255) CHARACTER SET utf8mb4 COLLATE utf8mb4_unicode_ci DEFAULT NULL,
  `two_factor_secret` text CHARACTER SET utf8mb4 COLLATE utf8mb4_unicode_ci,
  `two_factor_recovery_codes` text CHARACTER SET utf8mb4 COLLATE utf8mb4_unicode_ci,
  `two_factor_confirmed_at` timestamp NULL DEFAULT NULL,
  `remember_token` varchar(100) CHARACTER SET utf8mb4 COLLATE utf8mb4_unicode_ci DEFAULT NULL,
  `current_team_id` bigint unsigned DEFAULT NULL,
  `profile_photo_path` varchar(2048) CHARACTER SET utf8mb4 COLLATE utf8mb4_unicode_ci DEFAULT NULL,
  `created_at` timestamp NULL DEFAULT NULL,
  `updated_at` timestamp NULL DEFAULT NULL,
  PRIMARY KEY (`id`),
  UNIQUE KEY `users_email_unique` (`email`)
) ENGINE=InnoDB AUTO_INCREMENT=2 DEFAULT CHARSET=utf8mb4 COLLATE=utf8mb4_unicode_ci;

INSERT INTO `brv_comment` (`id`, `post_id`, `content`, `name`, `phone`, `parent`, `status`, `created_at`, `updated_at`) VALUES
(1, 9, 'noi dung', 'ho ten', 34324234, 0, 'pendding', '2022-04-16 05:01:54', '2022-04-16 05:01:54'),
(2, 9, 'contnt', 'ho ten', 3424, 0, 'pendding', '2022-04-17 14:33:11', '2022-04-17 14:33:11');

INSERT INTO `brv_options` (`id`, `name`, `value`, `autoload`) VALUES
(1, 'type', 'web', 'yes'),
(2, 'filemanager', 'elfinder', 'yes'),
(3, 'main_menu', '1', 'yes'),
(4, 'site_name', 'BRVCMS', 'yes'),
(5, 'header_title', 'BRV CMS', 'yes'),
(6, 'header_desc', 'Thiên lí chi hành, thủy vu túc hạ', 'yes'),
(7, 'header_bg', 'https://nguyentrongpho.com/storage/photos/shares/Config/bg2.jpeg', 'yes'),
(8, 'sb_category_title', 'Danh mục', 'yes'),
(9, 'sb_category_number', '1', 'yes'),
(10, 'sb_new_title', 'Bài viết nổi bật', 'yes'),
(11, 'sb_new_number', '9', 'yes'),
(12, 'sb_banner_img', 'https://nguyentrongpho.com/storage/photos/shares/Config/ke-hoach-mau-email-marketing.jpeg', 'yes'),
(13, 'hotline_number', NULL, 'yes'),
(14, 'company_email', NULL, 'yes'),
(15, 'company_name', NULL, 'yes'),
(16, 'company_add', NULL, 'yes'),
(17, 'copyright', '<a target=\"_blank\" href=\"https://www.dmca.com/compliance/nguyentrongpho.com\" title=\"DMCA Compliance information for nguyentrongpho.com\"> 	<img src=\"https://www.dmca.com/img/dmca-protected.png\" alt=\"DMCA\" >  </a> Copyright © 2022. All Rights Reserved.', 'yes'),
(18, 'robots_txt', 'User-agent: *\r\nDisallow: /admin', 'yes'),
(19, 'secret_key', '41919460', 'yes'),
(20, 'sb_cate0_title', 'Hướng dẫn sử dụng BRV Cms', 'yes'),
(21, 'sb_cate0_link', 'https://nguyentrongpho.com/tong-hop-huong-dan-website', 'yes'),
(22, 'sb_cate1_title', NULL, 'yes'),
(23, 'sb_cate1_link', NULL, 'yes'),
(24, 'sb_cate2_title', NULL, 'yes'),
(25, 'sb_cate2_link', NULL, 'yes'),
(26, 'sb_cate3_title', NULL, 'yes'),
(27, 'sb_cate3_link', NULL, 'yes'),
(28, 'sb_cate4_title', NULL, 'yes'),
(29, 'sb_cate4_link', NULL, 'yes'),
(30, 'logo_img', NULL, 'yes'),
(31, 'logo_alt', NULL, 'yes'),
(32, 'favicon', 'https://nguyentrongpho.com/storage/photos/shares/Configs/avatar.jpeg', 'yes'),
(33, 'logo_footer_img', NULL, 'yes'),
(34, 'fb_app_id', '399963690057006', 'yes'),
(35, 'company_fb', 'https://www.facebook.com/groups/laravelvn88', 'yes'),
(36, 'code_fanpage', '<div class=\"fb-group\" data-href=\"https://www.facebook.com/groups/laravelvn88\" data-width=\"\" data-show-metadata=\"true\"><blockquote cite=\"https://www.facebook.com/groups/laravelvn88\" class=\"fb-xfbml-parse-ignore\">Laravel VN</blockquote></div>', 'yes'),
(37, 'company_youtube', NULL, 'yes'),
(38, 'company_twitter', NULL, 'yes'),
(39, 'company_printer', NULL, 'yes'),
(40, 'code_head', '<meta name=\'dmca-site-verification\' content=\'NGJCeFdTT0k2L0Z6cEtEYUR3aWZqaU1WVEhEV2RlUTArUmJoYmhyNGhidz01\' />\r\n<!-- Global site tag (gtag.js) - Google Analytics -->\r\n<script async src=\"https://www.googletagmanager.com/gtag/js?id=UA-78773766-1\"></script>\r\n<script>\r\n  window.dataLayer = window.dataLayer || [];\r\n  function gtag(){dataLayer.push(arguments);}\r\n  gtag(\'js\', new Date());\r\n\r\n  gtag(\'config\', \'UA-78773766-1\');\r\n</script>', 'yes'),
(41, 'code_body', '<!-- -->', 'yes'),
(42, 'htaccess', '<!---->', 'yes'),
(43, 'main_term', '0', 'yes');

INSERT INTO `brv_post_meta` (`id`, `post_id`, `key`, `value`) VALUES
(1, 1, 'meta_thumb', ''),
(2, 1, 'meta_title', 'Trang chủ'),
(3, 1, 'meta_description', 'Trang chủ'),
(4, 1, 'meta_keywords', 'Trang chủ'),
(5, 2, 'meta_thumb', ''),
(6, 2, 'meta_title', 'Hướng dẫn sử dụng website'),
(7, 2, 'meta_description', 'Hướng dẫn sử dụng website'),
(8, 2, 'meta_keywords', 'Hướng dẫn sử dụng website'),
(9, 2, 'menu_id', '2'),
(10, 2, 'category_term_paginate', '2'),
(11, 2, 'category_number', '9'),
(14, 3, 'meta_title', 'Hướng dẫn đăng nhập và cấu hình tài khoản'),
(15, 3, 'meta_description', 'Hướng dẫn đăng nhập và cấu hình tài khoản'),
(16, 3, 'meta_keywords', ''),
(23, 4, 'meta_title', 'Hướng dẫn cấu hình menu'),
(24, 4, 'meta_description', 'Hướng dẫn cấu hình menu'),
(25, 4, 'meta_keywords', ''),
(30, 5, 'meta_title', 'Hướng dẫn tạo bài viết'),
(31, 5, 'meta_description', 'Hướng dẫn tạo bài viết'),
(32, 5, 'meta_keywords', ''),
(35, 6, 'meta_title', 'Hướng dẫn cấu hình website'),
(36, 6, 'meta_description', 'Hướng dẫn cấu hình website'),
(37, 6, 'meta_keywords', ''),
(42, 7, 'meta_title', 'Hướng dẫn cấu hình album'),
(43, 7, 'meta_description', 'Hướng dẫn cấu hình album'),
(44, 7, 'meta_keywords', ''),
(49, 8, 'meta_title', 'Hướng dẫn cấu hình video'),
(50, 8, 'meta_description', 'Hướng dẫn cấu hình video'),
(51, 8, 'meta_keywords', ''),
(56, 9, 'meta_title', 'Tổng hợp hướng dẫn website'),
(57, 9, 'meta_description', 'Tổng hợp hướng dẫn website'),
(58, 9, 'meta_keywords', ''),
(83, 1, 'menu_id', '1'),
(84, 1, 'category_term_paginate', '3'),
(85, 1, 'category_number', '9'),
(124, 11, 'meta_title', '2 Hours of Beautiful Coral Reef Fish, Relaxing Ocean Fish, & Stunning Aquarium Relax Music'),
(125, 11, 'meta_description', '2 Hours of Beautiful Coral Reef Fish, Relaxing Ocean Fish, & Stunning Aquarium Relax Music'),
(126, 11, 'meta_keywords', ''),
(150, 13, 'meta_title', 'Hướng dẫn chèn hình ảnh vào nội dung bài viết'),
(151, 13, 'meta_description', 'Hướng dẫn chèn hình ảnh vào nội dung bài viết'),
(152, 13, 'meta_keywords', ''),
(187, 8, 'auto_gen', '1'),
(188, 8, 'subMenu', ''),
(197, 3, 'auto_gen', '1'),
(198, 3, 'subMenu', ''),
(199, 7, 'auto_gen', '1'),
(200, 7, 'subMenu', ''),
(201, 9, 'auto_gen', '1'),
(202, 9, 'subMenu', ''),
(203, 14, 'meta_thumb', ''),
(204, 14, 'meta_title', 'Laravel'),
(205, 14, 'meta_description', 'Laravel'),
(206, 14, 'meta_keywords', 'Laravel'),
(207, 15, 'meta_thumb', ''),
(208, 15, 'meta_title', 'Tip & Trick'),
(209, 15, 'meta_description', 'Tip & Trick'),
(210, 15, 'meta_keywords', 'Tip & Trick'),
(211, 16, 'meta_thumb', ''),
(212, 16, 'meta_title', 'Blog laravel'),
(213, 16, 'meta_description', 'Blog laravel'),
(214, 16, 'meta_keywords', 'Blog laravel'),
(215, 17, 'meta_thumb', ''),
(216, 17, 'meta_title', 'Tutorial'),
(217, 17, 'meta_description', 'Tutorial'),
(218, 17, 'meta_keywords', 'Tutorial'),
(221, 18, 'meta_title', '20 mẹo và thủ thuật Laravel Eloquent'),
(222, 18, 'meta_description', '20 mẹo và thủ thuật Laravel Eloquent'),
(223, 18, 'meta_keywords', ''),
(232, 18, 'auto_gen', '1'),
(233, 18, 'subMenu', ''),
(236, 19, 'meta_title', 'Hướng dẫn deploy project laravel lên server'),
(237, 19, 'meta_description', 'Hướng dẫn deploy project laravel lên server'),
(238, 19, 'meta_keywords', ''),
(241, 19, 'auto_gen', '1'),
(242, 19, 'subMenu', ''),
(245, 20, 'meta_title', 'Hướng dẫn tạo cronjob backup trên (linux) cho các project web'),
(246, 20, 'meta_description', 'Hướng dẫn tạo cronjob backup trên (linux) cho các project web'),
(247, 20, 'meta_keywords', ''),
(248, 20, 'auto_gen', '1'),
(249, 20, 'subMenu', ''),
(252, 21, 'meta_title', 'Hướng dẫn xây dựng một CMS từ framework Laravel'),
(253, 21, 'meta_description', 'Hướng dẫn xây dựng một CMS từ framework Laravel'),
(254, 21, 'meta_keywords', ''),
(255, 21, 'auto_gen', '1'),
(256, 21, 'subMenu', ''),
(259, 22, 'meta_title', 'Tích hợp Google Analytics API vào ứng dụng Laravel'),
(260, 22, 'meta_description', 'Tích hợp Google Analytics API vào ứng dụng Laravel'),
(261, 22, 'meta_keywords', ''),
(266, 22, 'auto_gen', '1'),
(267, 22, 'subMenu', ''),
(277, 24, 'meta_title', 'Hướng dẫn tạo bash shell scan virus cho project web trên server linux'),
(278, 24, 'meta_description', 'Hướng dẫn tạo bash shell scan virus cho project web trên server linux'),
(279, 24, 'meta_keywords', ''),
(280, 24, 'auto_gen', '1'),
(281, 24, 'subMenu', ''),
(284, 6, 'auto_gen', '1'),
(285, 6, 'subMenu', ''),
(288, 25, 'meta_title', 'Hướng dẫn chèn video vào bài viết'),
(289, 25, 'meta_description', 'Hướng dẫn chèn video vào bài viết'),
(290, 25, 'meta_keywords', ''),
(305, 25, 'auto_gen', '1'),
(306, 25, 'subMenu', ''),
(307, 5, 'auto_gen', '1'),
(308, 5, 'subMenu', ''),
(311, 26, 'meta_title', 'Hướng dẫn cáu hình page nhóm bài viết'),
(312, 26, 'meta_description', 'Hướng dẫn cáu hình page nhóm bài viết'),
(313, 26, 'meta_keywords', ''),
(318, 27, 'meta_title', 'Bài viết thuộc nhóm demo'),
(319, 27, 'meta_description', 'Bài viết thuộc nhóm demo'),
(320, 27, 'meta_keywords', ''),
(331, 26, 'auto_gen', '1'),
(332, 26, 'subMenu', ''),
(335, 4, 'auto_gen', '1'),
(336, 4, 'subMenu', ''),
(337, 29, 'menu_id', '29'),
(338, 29, 'code', '001'),
(339, 29, 'count', NULL),
(340, 29, 'madein', 'Việt Nam'),
(341, 29, 'price_old', '1000'),
(342, 29, 'unit', 'Hộp'),
(343, 29, 'brand', 'Vibata'),
(344, 29, 'pack', 'Hộp'),
(345, 29, 'price', '500'),
(358, 30, 'menu_id', '30'),
(359, 30, 'code', '002'),
(360, 30, 'count', NULL),
(361, 30, 'madein', NULL),
(362, 30, 'price_old', '1200'),
(363, 30, 'unit', 'Chai'),
(364, 30, 'brand', 'Viaaa'),
(365, 30, 'pack', 'Hộp'),
(366, 30, 'price', '600'),
(370, 31, 'meta_thumb', ''),
(371, 31, 'meta_title', 'Nhóm sản phẩm demo'),
(372, 31, 'meta_description', 'Nhóm sản phẩm demo'),
(373, 31, 'meta_keywords', 'Nhóm sản phẩm demo'),
(377, 31, 'menu_id', '31'),
(378, 31, 'product_term_paginate', '10'),
(379, 31, 'banner_image', NULL),
(392, 30, 'meta_title', 'Sản phẩm demo 02'),
(393, 30, 'meta_description', 'Sản phẩm demo 02'),
(394, 30, 'meta_keywords', ''),
(395, 29, 'meta_title', 'Sản phẩm demo 01'),
(396, 29, 'meta_description', 'Sản phẩm demo 01'),
(397, 29, 'meta_keywords', ''),
(398, 32, 'menu_id', '32'),
(399, 32, 'code', NULL),
(400, 32, 'count', NULL),
(401, 32, 'madein', NULL),
(402, 32, 'price_old', '1000000'),
(403, 32, 'unit', NULL),
(404, 32, 'brand', NULL),
(405, 32, 'pack', NULL),
(406, 32, 'price', '800000'),
(410, 32, 'meta_title', 'Sản phẩm demo 03'),
(411, 32, 'meta_description', 'Sản phẩm demo 03'),
(412, 32, 'meta_keywords', ''),
(446, 9, 'ratingMeta', '{\"45\":3,\"50\":6,\"35\":1,\"30\":1,\"25\":1}'),
(447, 9, 'ratingTotal', '12'),
(448, 9, 'rating', '4.38'),
(449, 27, 'auto_gen', '1'),
(450, 27, 'subMenu', ''),
(511, 13, 'auto_gen', '1'),
(512, 13, 'subMenu', '');

INSERT INTO `brv_posts` (`id`, `user_id`, `title`, `thumb`, `slug`, `content`, `excerpt`, `status`, `type`, `subtype`, `parent`, `order`, `view`, `lang`, `created_at`, `updated_at`) VALUES
(1, 1, 'Trang chủ', NULL, 'trang-chu', NULL, NULL, '1', 'menu_item', 'home', 0, 1, 0, 'vi', '2022-01-20 19:09:30', '2022-01-20 19:09:30'),
(2, 1, 'Hướng dẫn sử dụng website', NULL, 'huong-dan-su-dung-website', NULL, NULL, '1', 'menu_item', 'category', 0, 2, 517, 'vi', '2022-01-20 19:12:00', '2022-06-07 07:50:04'),
(3, 1, 'Hướng dẫn đăng nhập và cấu hình tài khoản', 'https://nguyentrongpho.com/storage/photos/shares/202201/login1.png', 'huong-dan-dang-nhap-va-cau-hinh-tai-khoan', '<h2><strong>1. Hướng dẫn đăng nhập</strong></h2>\r\n\r\n<p>Truy cập : domain/login (Ex: nguyentrongpho.com/login). Nhập th&ocirc;ng tin t&agrave;i khoản v&agrave; nhấn Login. Trong trường hơp qu&ecirc;n mật khẩu, click v&agrave;o Forgot your password v&agrave; điền th&ocirc;ng tin email t&agrave;i khoản. 1 email reset password sẽ gửi về email của bạn. Thực hiện theo email đ&oacute;</p>\r\n\r\n<p style=\"text-align:center\"><img alt=\"\" src=\"https://nguyentrongpho.com/storage/photos/shares/202201/login1.png\" /></p>\r\n\r\n<h2><strong>2. Hướng dẫn cấu h&igrave;nh Role</strong></h2>\r\n\r\n<p>Role l&agrave; c&aacute;c ph&acirc;n quyền d&ugrave;ng để tuỳ chỉnh&nbsp;ph&acirc;n quyền&nbsp;cho c&aacute;c Admin&nbsp; (Chỉ t&agrave;i khoản c&oacute; quyền SuperAdmin)</p>\r\n\r\n<h3><strong>2.1 Trang ph&acirc;n quyền</strong></h3>\r\n\r\n<p>Truy cập : Quản l&yacute; t&agrave;i khoản &gt; Roles</p>\r\n\r\n<p><img alt=\"\" src=\"https://nguyentrongpho.com/storage/photos/shares/202201/login2.png\" /></p>\r\n\r\n<p><img alt=\"\" src=\"https://nguyentrongpho.com/storage/photos/shares/202201/login3.png\" /></p>\r\n\r\n<h3><strong>2.2 Thực hiện tạo quyền</strong></h3>\r\n\r\n<p><img alt=\"\" src=\"https://nguyentrongpho.com/storage/photos/shares/202201/login6.png\" /></p>\r\n\r\n<p><img alt=\"\" src=\"https://nguyentrongpho.com/storage/photos/shares/202201/login7.png\" /></p>\r\n\r\n<p><img alt=\"\" src=\"https://nguyentrongpho.com/storage/photos/shares/202201/login5.png\" /></p>\r\n\r\n<h2><strong>3. Quản l&yacute; User&nbsp;</strong></h2>\r\n\r\n<p>Danh s&aacute;ch user : Quản l&yacute; t&agrave;i khoản &gt; Users (Chỉ t&agrave;i khoản c&oacute; quyền SuperAdmin)</p>\r\n\r\n<p><img alt=\"\" src=\"https://nguyentrongpho.com/storage/photos/shares/202201/user1.png\" /></p>\r\n\r\n<p>Th&ecirc;m mới User (Chọn quyền cho user =&gt; user mới c&oacute; thể truy cập v&agrave;o trang admin)</p>\r\n\r\n<p><img alt=\"\" src=\"https://nguyentrongpho.com/storage/photos/shares/202201/user2.png\" /></p>\r\n\r\n<p>&nbsp;</p>', 'Bài viết này hướng dẫn đang nhập và cấu hình tài khoản trên BRV CMS', '1', 'post', '', 0, 0, 343, 'vi', '2022-01-20 19:20:44', '2022-06-07 07:50:17'),
(4, 1, 'Hướng dẫn cấu hình menu', 'https://nguyentrongpho.com/storage/photos/shares/202201/menu4.png', 'huong-dan-cau-hinh-menu', '<p>Menu l&agrave; danh s&aacute;ch c&aacute;c page được sắp xếp theo thứ tự v&agrave; được sử dụng để cấu h&igrave;nh trong website</p>\r\n\r\n<h2><strong>I. Tạo nh&oacute;m menu</strong></h2>\r\n\r\n<p><img alt=\"\" src=\"https://nguyentrongpho.com/storage/photos/shares/202201/menu1.png\" /></p>\r\n\r\n<p>Truy cập v&agrave;o Menu &gt; Danh s&aacute;ch menu</p>\r\n\r\n<ul>\r\n	<li>Form b&ecirc;n tr&aacute;i : Create / Edit menu =&gt; Tạo nh&oacute;m menu mới</li>\r\n	<li>Table b&ecirc;n phải : Danh s&aacute;ch c&aacute;c nh&oacute;m menu</li>\r\n</ul>\r\n\r\n<p><em>Note: Bước n&agrave;y thường kh&ocirc;ng phải cấu h&igrave;nh th&ecirc;m, sử dụng Main menu l&agrave;m menu ch&iacute;nh</em></p>\r\n\r\n<h2><strong>II. Cấu h&igrave;nh chỉnh sửa menu trong nh&oacute;m menu</strong></h2>\r\n\r\n<p><img alt=\"\" src=\"https://nguyentrongpho.com/storage/photos/shares/202201/menu2.png\" /></p>\r\n\r\n<h3>2.1 Truy cập</h3>\r\n\r\n<p>Sidebar chọn: Menu &gt; Cấu tr&uacute;c menu</p>\r\n\r\n<p>Trong page Cấu tr&uacute;c menu : chọn Mainmeu &gt; Nhấn Lọc dữ liệu</p>\r\n\r\n<ul>\r\n	<li>Form b&ecirc;n tr&aacute;i : Khởi tạo menu mới\r\n	<ul>\r\n		<li>T&ecirc;n menu</li>\r\n		<li>Menu cha</li>\r\n		<li>Template menu: Định nghĩa c&aacute;c template của c&aacute;c menu</li>\r\n	</ul>\r\n	</li>\r\n	<li>Table b&ecirc;n phải: Danh s&aacute;ch c&aacute;c page đ&atilde; tạo</li>\r\n</ul>\r\n\r\n<h3>2.2 Chỉnh sửa cấu h&igrave;nh c&aacute;c menu (page)</h3>\r\n\r\n<p>Click v&agrave;o button chỉnh sửa ở cột Action</p>\r\n\r\n<p><img alt=\"\" src=\"https://nguyentrongpho.com/storage/photos/shares/202201/menu3.png\" /></p>\r\n\r\n<p>Click v&agrave;o c&aacute;c tab tương ứng với c&aacute;c th&agrave;nh phần cấu h&igrave;nh của page</p>\r\n\r\n<p><img alt=\"\" src=\"https://nguyentrongpho.com/storage/photos/shares/202201/menu4.png\" /></p>\r\n\r\n<p><em>Note: Mỗi page tuỳ v&agrave;o c&aacute;c th&ocirc;ng tin cần cấu h&igrave;nh sẽ c&oacute; c&aacute;c tab kh&aacute;c nhau</em></p>\r\n\r\n<h3>2.3 Hướng dẫn cấu h&igrave;nh page c&oacute; template l&agrave; nh&oacute;m b&agrave;i viết</h3>\r\n\r\n<p>Truy cập v&agrave;o b&agrave;i viết sau để thực hiện :&nbsp;<a href=\"https://nguyentrongpho.com/huong-dan-cau-hinh-page-nhom-bai-viet\">https://nguyentrongpho.com/huong-dan-cau-hinh-page-nhom-bai-viet&nbsp;</a></p>', 'Menu là danh sách các page được sắp xếp theo thứ tự và được sử dụng để cấu hình trong website', '1', 'post', '', 0, 0, 248, 'vi', '2022-01-20 19:31:39', '2022-06-06 16:57:53'),
(5, 1, 'Hướng dẫn tạo bài viết', 'https://nguyentrongpho.com/storage/photos/shares/202202/hinh-anh-huong-dan-chen-anh/huong-dan-viet-bai-4.png', 'huong-dan-tao-bai-viet', '<p>B&agrave;i viết n&agrave;y hướng dẫn quản l&yacute; nh&oacute;m b&agrave;i viết v&agrave; b&agrave;i viết. Việc sắp xếp c&aacute;c b&agrave;i viết v&agrave;o c&aacute;c nh&oacute;m b&agrave;i viết c&oacute; t&aacute;c dụng tối ưu trong quản l&yacute; v&agrave; hiển thị nội dung</p>\r\n\r\n<h2><strong>1. Nh&oacute;m b&agrave;i viết</strong></h2>\r\n\r\n<p>Truy cập theo: B&agrave;i Viết &gt; Nh&oacute;m b&agrave;i viết</p>\r\n\r\n<h3>1.1 Form b&ecirc;n tay tr&aacute;i</h3>\r\n\r\n<ul>\r\n	<li>T&ecirc;n nh&oacute;m b&agrave;i viết</li>\r\n	<li>Input ch&iacute;nh giữa Nh&oacute;m cha nếu c&oacute; hoặc để rỗng nếu kh&ocirc;ng</li>\r\n	<li>M&ocirc; tả nh&oacute;m b&agrave;i viết</li>\r\n</ul>\r\n\r\n<p>&nbsp;</p>\r\n\r\n<p><img alt=\"\" src=\"https://nguyentrongpho.com/storage/photos/shares/202202/hinh-anh-huong-dan-chen-anh/huong-dan-viet-bai-1.png\" /></p>\r\n\r\n<h3>1.2 Bảng b&ecirc;n tay phải</h3>\r\n\r\n<p>Mỗi d&ograve;ng trong bảng n&agrave;y tương ứng với mỗi nh&oacute;m b&agrave;i viết</p>\r\n\r\n<h2><strong>2. B&agrave;i viết</strong></h2>\r\n\r\n<h3>2.1 Truy cập</h3>\r\n\r\n<p>Theo đường dẫn sau: B&agrave;i viết &gt; Danh s&aacute;ch b&agrave;i viết</p>\r\n\r\n<p>Trong trang Danh s&aacute;ch b&agrave;i viết c&oacute; c&aacute;c th&agrave;nh phần sau</p>\r\n\r\n<p>B&ecirc;n tr&ecirc;n chứa:</p>\r\n\r\n<ul>\r\n	<li>Button Tạo mới b&agrave;i viết</li>\r\n	<li>Select box chọn hiển thị nh&oacute;m b&agrave;i viết</li>\r\n</ul>\r\n\r\n<p>B&ecirc;n dưới l&agrave; 1 bảng chứa danh s&aacute;ch c&aacute;c b&agrave;i viết theo lựa chọn nh&oacute;m b&agrave;i viết hiển thị.</p>\r\n\r\n<p>&nbsp;</p>\r\n\r\n<p><img alt=\"\" src=\"https://nguyentrongpho.com/storage/photos/shares/202202/hinh-anh-huong-dan-chen-anh/huong-dan-viet-bai-2.png\" /></p>\r\n\r\n<p>&nbsp;</p>\r\n\r\n<h3>2.2 Tạo mới b&agrave;i viết</h3>\r\n\r\n<ul>\r\n	<li>Click v&agrave;o button Tạo mới (trong phần 2.1)</li>\r\n	<li>Nhập ti&ecirc;u đề b&agrave;i viết</li>\r\n	<li>Nhấn Create</li>\r\n</ul>\r\n\r\n<p>&nbsp;</p>\r\n\r\n<p><img alt=\"\" src=\"https://nguyentrongpho.com/storage/photos/shares/202202/hinh-anh-huong-dan-chen-anh/huong-dan-viet-bai-3.png\" /></p>\r\n\r\n<p>&nbsp;</p>\r\n\r\n<p>B&agrave;i viết được tạo mới chỉ c&oacute; ti&ecirc;u đề cần phải bổ sung th&ocirc;ng tin sau</p>\r\n\r\n<ul>\r\n	<li>M&ocirc; tả b&agrave;i viết</li>\r\n	<li>Nội dung b&agrave;i viết</li>\r\n	<li>Ảnh thumb</li>\r\n	<li>Chọn nh&oacute;m b&agrave;i viết</li>\r\n	<li>Nhập tag b&agrave;i viết (kh&ocirc;ng bắt buộc)</li>\r\n</ul>\r\n\r\n<p>&nbsp;</p>\r\n\r\n<p><img alt=\"\" src=\"https://nguyentrongpho.com/storage/photos/shares/202202/hinh-anh-huong-dan-chen-anh/huong-dan-viet-bai-4.png\" style=\"height:1322px; width:2048px\" /></p>\r\n\r\n<p>&nbsp;</p>\r\n\r\n<h3>2.3 Hướng dẫn sử dụng editor để soạn thảo nội dung b&agrave;i viết</h3>\r\n\r\n<p>Bước 1: N&ecirc;n soạn thảo nội dung của b&agrave;i vết ở một tr&igrave;nh soạn thảo (word, google word ..)</p>\r\n\r\n<p>&nbsp;</p>\r\n\r\n<p><img alt=\"\" src=\"https://nguyentrongpho.com/storage/photos/shares/202202/hinh-anh-huong-dan-chen-anh/huong-dan-viet-bai-5.png\" /></p>\r\n\r\n<p>&nbsp;</p>\r\n\r\n<p>Bước 2 : Clear Format nội dung text tr&ecirc;n</p>\r\n\r\n<ul>\r\n	<li>Copy to&agrave;n bộ nội dung vừa soạn thảo v&agrave;o Editor của b&agrave;i viết</li>\r\n	<li>Click v&agrave;o v&ugrave;ng Editor nhấn Ctrl + A (b&ocirc;i đen to&agrave;n bộ nội dung b&ecirc;n trong editor)</li>\r\n	<li>Click v&agrave;o icon Xo&aacute; định dạng (như h&igrave;nh b&ecirc;n dưới)</li>\r\n</ul>\r\n\r\n<p><img alt=\"\" src=\"https://nguyentrongpho.com/storage/photos/shares/202202/hinh-anh-huong-dan-chen-anh/clear-format.png\" /></p>\r\n\r\n<p>Bước 3 Gắn c&aacute;c thẻ H2,H3 cho c&aacute;c ti&ecirc;u đề</p>\r\n\r\n<ul>\r\n	<li>B&ocirc;i đen ti&ecirc;u đề cần gắn thẻ</li>\r\n	<li>Chọn thẻ Heading ph&ugrave; hợp (H2 hoặc h3)</li>\r\n</ul>\r\n\r\n<p>&nbsp;</p>\r\n\r\n<p><img alt=\"\" src=\"https://nguyentrongpho.com/storage/photos/shares/202202/hinh-anh-huong-dan-chen-anh/huong-dan-viet-bai-6.png\" /></p>\r\n\r\n<p>Bước 4 : Ch&egrave;n ảnh v&agrave;o nội dung b&agrave;i viết</p>\r\n\r\n<p>Đề ch&egrave;n ảnh v&agrave;o nội dung b&agrave;i viết tham khảo<a href=\"https://nguyentrongpho.com/huong-dan-chen-hinh-anh-vao-noi-dung-bai-viet\"> link sau</a></p>\r\n\r\n<p>Sau khi đ&atilde; ho&agrave;n th&agrave;nh c&aacute;c bước tr&ecirc;n nhấn</p>\r\n\r\n<ul>\r\n	<li>Cập nhật (b&agrave;i viết được cập nhật v&agrave; giữ nguy&ecirc;n trong hiện tại)</li>\r\n	<li>Lưu v&agrave; đ&oacute;ng (b&agrave;i viết được cập nhật v&agrave; chuyển sang danh s&aacute;ch b&agrave;i viết)</li>\r\n</ul>\r\n\r\n<p>&nbsp;</p>\r\n\r\n<p>&nbsp;</p>', 'Bài viết này hướng dẫn quản lý nhóm bài viết và bài viết. Việc sắp xếp các bài viết vào các nhóm bài viết có tác dụng tối ưu trong quản lý và hiển thị nội dung', '1', 'post', '', 0, 0, 214, 'vi', '2022-01-20 19:21:44', '2022-06-06 16:57:56'),
(6, 1, 'Hướng dẫn cấu hình website', 'https://nguyentrongpho.com/storage/photos/shares/202201/con5.png', 'huong-dan-cau-hinh-website', '<p>B&agrave;i viết n&agrave;y hướng dẫn Admin cấu h&igrave;nh c&aacute;c nội dung của website &nbsp;như ch&egrave;n code script v&agrave;o header hoặc body &nbsp;v&agrave; một số t&iacute;nh năng kh&aacute;c như Maintenance</p>\r\n\r\n<h2><strong>I. Cấu h&igrave;nh System</strong></h2>\r\n\r\n<p>Truy cập: Cấu h&igrave;nh &gt; System</p>\r\n\r\n<p><img alt=\"\" src=\"https://nguyentrongpho.com/storage/photos/shares/202201/con1.png\" /></p>\r\n\r\n<h3>1.1 Maintenance</h3>\r\n\r\n<p>Đ&acirc;y l&agrave; t&iacute;nh năng bảo tr&igrave; website. Khi bật t&iacute;nh năng n&agrave;y người d&ugrave;ng truy cập web sẽ tự động chuyển hướng s&aacute;ng trang bảo tri.</p>\r\n\r\n<ul>\r\n	<li>Để khởi động t&iacute;nh năng n&agrave;y click v&agrave;o Button: Turn of website (h&igrave;nh tr&ecirc;n)</li>\r\n</ul>\r\n\r\n<ul>\r\n	<li>Để truy cập website : truy cập v&agrave;o link private trong tab n&agrave;y (h&igrave;nh dưới)</li>\r\n	<li>Để bật lại website click v&agrave;o Button : Turn on website (h&igrave;nh dưới)</li>\r\n</ul>\r\n\r\n<p><img alt=\"\" src=\"https://nguyentrongpho.com/storage/photos/shares/202201/con2.png\" /></p>\r\n\r\n<h3>1.2 Code insert</h3>\r\n\r\n<p>Cho ph&eacute;p import c&aacute;c code js v&agrave;o trong thẻ <strong>head</strong>&nbsp;v&agrave; thẻ <strong>body</strong></p>\r\n\r\n<p><img alt=\"\" src=\"https://nguyentrongpho.com/storage/photos/shares/202201/con3.png\" /></p>\r\n\r\n<h3>1.3 Robots.txt</h3>\r\n\r\n<p><img alt=\"\" src=\"https://nguyentrongpho.com/storage/photos/shares/202201/con4.png\" /></p>\r\n\r\n<h3>1.4 Custome.css</h3>\r\n\r\n<p>Chứa nội dung file css custome</p>\r\n\r\n<p>Trạng th&aacute;i sử dụng: No - Kh&ocirc;ng sử dụng, Yes - C&oacute; sử dụng</p>\r\n\r\n<p><img alt=\"\" src=\"https://nguyentrongpho.com/storage/photos/shares/202201/con5.png\" style=\"height:990px; width:2048px\" /></p>\r\n\r\n<h3>1.5 htaccess</h3>\r\n\r\n<p>Cấu h&igrave;nh nội dung file htaccess</p>\r\n\r\n<p><img alt=\"\" src=\"https://nguyentrongpho.com/storage/photos/shares/202201/con6.png\" /></p>\r\n\r\n<h3>1.6 File Manager</h3>\r\n\r\n<p>Lựa chọn package File manager sử dụng trong Admin</p>\r\n\r\n<p><img alt=\"\" src=\"https://nguyentrongpho.com/storage/photos/shares/202201/con7.png\" /></p>\r\n\r\n<h2><strong>II. Cấu h&igrave;nh website</strong></h2>\r\n\r\n<p>Truy cập: Cấu h&igrave;nh &gt; Website</p>\r\n\r\n<p>Page n&agrave;y chứa c&aacute;c cấu h&igrave;nh</p>\r\n\r\n<ul>\r\n	<li>Main Config: Main menu v&agrave; Name website</li>\r\n	<li>Main Info: Hotline, email, t&ecirc;n c&ocirc;ng ty, địa chỉ, copyright</li>\r\n	<li>Header/Footer: Cấu h&igrave;nh logo, ..</li>\r\n	<li>Social: Cấu h&igrave;nh account FB v&agrave; c&aacute;c mạng x&atilde; hội kh&aacute;c</li>\r\n</ul>\r\n\r\n<p><img alt=\"\" src=\"https://nguyentrongpho.com/storage/photos/shares/202201/con8.png\" /></p>\r\n\r\n<h2><strong>III Lang</strong></h2>\r\n\r\n<p>Đối với c&aacute;c web đa ng&ocirc;n ngữ c&oacute; th&ecirc;m trang quản l&yacute; ng&ocirc;n ngữ</p>\r\n\r\n<p><img alt=\"\" src=\"https://nguyentrongpho.com/storage/photos/shares/202201/con9.png\" /></p>\r\n\r\n<h2><strong>IV Widgets</strong></h2>\r\n\r\n<p>Đ&acirc;y l&agrave; page cấu h&igrave;nh c&aacute;c widget cho website</p>\r\n\r\n<p><img alt=\"\" src=\"https://nguyentrongpho.com/storage/photos/shares/202201/con10.png\" style=\"height:834px; width:2048px\" /></p>\r\n\r\n<p>&nbsp;</p>\r\n\r\n<p>&nbsp;</p>', 'Bài viết này hướng dẫn Admin cấu hình các nội dung của website  như chèn code script vào header hoặc body  và một số tính năng khác như Maintenance', '1', 'post', '', 0, 0, 245, 'vi', '2022-01-20 19:21:11', '2022-06-06 16:57:58'),
(7, 1, 'Hướng dẫn cấu hình album', 'https://nguyentrongpho.com/storage/photos/shares/202201/album4.png', 'huong-dan-cau-hinh-album', '<p>B&agrave;i viết n&agrave;y hướng dẫn cấu h&igrave;nh c&aacute;c album h&igrave;nh ảnh, d&ugrave;ng để cấu h&igrave;nh c&aacute;c vị tr&iacute; cần hiển thị 1 album ảnh</p>\r\n\r\n<h2><strong>1. Tạo mới album</strong></h2>\r\n\r\n<p>Đường dẫn: T&agrave;i nguy&ecirc;n &gt; Album</p>\r\n\r\n<p>Nhập c&aacute;c th&ocirc;ng tin ở form b&ecirc;n phải</p>\r\n\r\n<ul>\r\n	<li>T&ecirc;n album</li>\r\n	<li>M&ocirc; tả album</li>\r\n</ul>\r\n\r\n<p><img alt=\"\" src=\"https://nguyentrongpho.com/storage/photos/shares/202201/album1.png\" /></p>\r\n\r\n<h2><strong>2. Chỉnh sửa album</strong></h2>\r\n\r\n<p>Ở table b&ecirc;n phải mỗi d&ograve;ng trong table đại diện cho 1 album ảnh</p>\r\n\r\n<p>Ở cột ngo&agrave;i c&ugrave;ng b&ecirc;n tr&aacute;i chứa 3 button c&oacute; chức năng như sau</p>\r\n\r\n<ul>\r\n	<li>Chỉnh sửa t&ecirc;n m&agrave; m&ocirc; tả album (n&uacute;t ngo&agrave;i c&ugrave;ng b&ecirc;n tr&aacute;i)</li>\r\n	<li>Cấu h&igrave;nh c&aacute;c h&igrave;nh ảnh trong album (n&uacute;t h&igrave;nh răng cưa ch&iacute;nh giữa)</li>\r\n	<li>Xo&aacute; album (n&uacute;t m&agrave;u đỏ)</li>\r\n</ul>\r\n\r\n<p><img alt=\"\" src=\"https://nguyentrongpho.com/storage/photos/shares/202201/album2.png\" /></p>\r\n\r\n<h2>3 . Cấu h&igrave;nh album</h2>\r\n\r\n<p>Truy cập v&agrave;o button h&igrave;nh răng cưa (ở phần 2)</p>\r\n\r\n<ul>\r\n	<li>Chọn h&igrave;nh ảnh ở trong phần quản l&yacute; ảnh bằng c&aacute;ch nhấn n&uacute;t Choose</li>\r\n	<li>Sau khi chọn xong ảnh nhấn Submit</li>\r\n</ul>\r\n\r\n<p><img alt=\"\" src=\"https://nguyentrongpho.com/storage/photos/shares/202201/album3.png\" /></p>\r\n\r\n<p>Kết quả sau khi th&ecirc;m h&igrave;nh ảnh v&agrave;o album</p>\r\n\r\n<p>C&aacute;c h&igrave;nh ảnh trong album c&oacute; thể chỉnh sửa</p>\r\n\r\n<ul>\r\n	<li>T&ecirc;n ảnh</li>\r\n	<li>Link ảnh</li>\r\n</ul>\r\n\r\n<p>Sau đ&oacute; nhấn n&uacute;t Cập nhật b&ecirc;n cạnh để update nội dung vừa chỉnh sửa</p>\r\n\r\n<p><img alt=\"\" src=\"https://nguyentrongpho.com/storage/photos/shares/202201/album4.png\" style=\"height:940px; width:2048px\" /></p>\r\n\r\n<p>&nbsp;</p>', 'Bài viết này hướng dẫn cấu hình các album hình ảnh, dùng để cấu hình các vị trí cần hiển thị 1 album ảnh', '1', 'post', '', 0, 0, 275, 'vi', '2022-01-20 19:28:39', '2022-06-06 16:58:01'),
(8, 1, 'Hướng dẫn cấu hình video', 'https://nguyentrongpho.com/storage/photos/shares/202201/v5.png', 'huong-dan-cau-hinh-video', '<p>B&agrave;i viết n&agrave;y hướng dẫn quản l&yacute; danh s&aacute;ch c&aacute;c video Youtube. Bạn c&oacute; thể sử dụng c&aacute;c danh s&aacute;ch video n&agrave;y để cấu h&igrave;nh ở c&aacute;c components kh&aacute;c của web</p>\r\n\r\n<h2><strong>1. Truy cập</strong></h2>\r\n\r\n<p>Truy cập theo đường dẫn sau: T&agrave;i nguy&ecirc;n &gt; Video</p>\r\n\r\n<h3>1.1 Form b&ecirc;n tr&aacute;i</h3>\r\n\r\n<ul>\r\n	<li>T&ecirc;n của nh&oacute;m video</li>\r\n	<li>M&ocirc; tả nh&oacute;m Video</li>\r\n</ul>\r\n\r\n<p><img alt=\"\" src=\"https://nguyentrongpho.com/storage/photos/shares/202201/v1.png\" /></p>\r\n\r\n<h3>1.2 Bảng b&ecirc;n phải</h3>\r\n\r\n<p>Mỗi d&ograve;ng trong bảng n&agrave;y đại diện cho một nh&oacute;m video. Cột cuối c&ugrave;ng của bảng chứa c&aacute;c button action</p>\r\n\r\n<ul>\r\n	<li>Chỉnh sửa nh&oacute;m video (n&uacute;t ngo&agrave;i c&ugrave;ng b&ecirc;n tr&aacute;i)</li>\r\n	<li>Cấu h&igrave;nh c&aacute;c video trong nh&oacute;m (n&uacute;t h&igrave;nh răng cưa ch&iacute;nh giữa)</li>\r\n	<li>Xo&aacute; nh&oacute;m video (n&uacute;t m&agrave;u đỏ ngo&agrave;i c&ugrave;ng b&ecirc;n phải)</li>\r\n</ul>\r\n\r\n<p><img alt=\"\" src=\"https://nguyentrongpho.com/storage/photos/shares/202201/v2.png\" /></p>\r\n\r\n<h2><strong>2. Add video v&agrave;o nh&oacute;m video</strong></h2>\r\n\r\n<h3>2.1 Lấy ID của video Youtube</h3>\r\n\r\n<p>Truy cập v&agrave;o trang Youtube. Đến video được chọn để add v&agrave;o nh&oacute;m.</p>\r\n\r\n<ul>\r\n	<li>Click v&agrave;o n&uacute;t Chia sẻ</li>\r\n	<li>Một poup hiện l&ecirc;n nhấn n&uacute;t sao ch&eacute;p (Ex: <a href=\"https://youtu.be/cC9r0jHF-Fw\">https://youtu.be/cC9r0jHF-Fw</a>)</li>\r\n	<li>Trong link video vừa copy được chọn th&agrave;nh phần ngo&agrave;i c&ugrave;ng b&ecirc;n phải ch&iacute;nh l&agrave; ID của video Youtube (EX:<a href=\"https://youtu.be/cC9r0jHF-Fw\">cC9r0jHF-Fw</a>)</li>\r\n</ul>\r\n\r\n<p><img alt=\"\" src=\"https://nguyentrongpho.com/storage/photos/shares/202201/v3.png\" /></p>\r\n\r\n<p>&nbsp;</p>\r\n\r\n<h3>2.2 Add video v&agrave;o nh&oacute;m video</h3>\r\n\r\n<p>Thực hi&ecirc;n theo c&aacute;c bước sau</p>\r\n\r\n<ul>\r\n	<li>Ở bước 1.2 chọn một nh&oacute;m video cần th&ecirc;m video</li>\r\n	<li>Click v&agrave;o button h&igrave;nh răng cưa để chuyển đến trang th&ecirc;m video</li>\r\n	<li>Nhập ID video vừa lấy được ở bước 2.1 v&agrave;o input Id Video</li>\r\n	<li>T&Iacute;ch chọn Nh&oacute;m cho Video</li>\r\n	<li>Nhấn n&uacute;t Lưu v&agrave; đ&oacute;ng hoặc Cập nhật. Website sẽ tự động lấy th&ocirc;ng tin của video ở trang Youtube</li>\r\n</ul>\r\n\r\n<p><img alt=\"\" src=\"https://nguyentrongpho.com/storage/photos/shares/202201/v4.png\" /></p>\r\n\r\n<p>Đ&acirc;y l&agrave; h&igrave;nh ảnh chi tiết 1 video sau khi import</p>\r\n\r\n<p><img alt=\"\" src=\"https://nguyentrongpho.com/storage/photos/shares/202201/v5.png\" /></p>', 'Bài viết này hướng dẫn quản lý danh sách các video Youtube. Bạn có thể sử dụng các danh sách video này để cấu hình ở các components khác của web', '1', 'post', '', 0, 0, 264, 'vi', '2022-01-20 19:22:33', '2022-06-07 00:53:07'),
(9, 1, 'Tổng hợp hướng dẫn website', 'https://nguyentrongpho.com/storage/photos/shares/202201/brvcms.png', 'tong-hop-huong-dan-website', '<p>B&agrave;i viết n&agrave;y&nbsp;hướng dẫn sử dụng cơ bản website được x&acirc;y dựng từ BRV CMS</p>\r\n\r\n<h2><strong>1. Giới thiệu về BRV CMS</strong></h2>\r\n\r\n<p>Đ&acirc;y l&agrave; 1 cms được x&acirc;y dựng từ framework Laravel - ng&ocirc;n ngữ PHP. CMS n&agrave;y cung cấp một hệ thống quản trị nội dung, quản trị người d&ugrave;ng v&agrave; c&aacute;c th&ocirc;ng tin người d&ugrave;ng để lại. Tuỳ v&agrave;o từng website cụ thể sẽ c&oacute; c&aacute;c module ri&ecirc;ng (quản l&yacute; sản phẩm, quản l&yacute; đại l&yacute; ..)</p>\r\n\r\n<h2><strong>2. Hướng dẫn sử dụng</strong></h2>\r\n\r\n<p>C&aacute;c website sử dụng CMS n&agrave;y đều c&oacute; 1 trang admin với c&aacute;c th&agrave;nh phần cơ bản như sau</p>\r\n\r\n<h3>2.1 Quản l&yacute; user</h3>\r\n\r\n<p>Để đăng nhập v&agrave; quản l&yacute; user bạn c&oacute; thể truy cập v&agrave;o <strong><a href=\"https://nguyentrongpho.com/huong-dan-dang-nhap-va-cau-hinh-tai-khoan\"><span style=\"color:#2980b9\">link sau</span></a></strong></p>\r\n\r\n<h3>2.2 Cấu h&igrave;nh website</h3>\r\n\r\n<p>Để cấu h&igrave;nh website bạn truy cập v&agrave;o <strong><a href=\"https://nguyentrongpho.com/huong-dan-cau-hinh-website\"><span style=\"color:#2980b9\">link sau</span></a><span style=\"color:#2980b9\">.</span></strong>&nbsp;</p>\r\n\r\n<h3>2.3 Cấu h&igrave;nh menu</h3>\r\n\r\n<p>Để quản l&yacute; menu của website truy cập v&agrave;o <strong><a href=\"https://nguyentrongpho.com/huong-dan-cau-hinh-menu\"><span style=\"color:#2980b9\">link</span></a><span style=\"color:#2980b9\">.</span></strong>&nbsp;</p>\r\n\r\n<h3>2.4 Tạo mới b&agrave;i viết</h3>\r\n\r\n<p>Để tạo mới b&agrave;i viết truy cập v&agrave;o <strong><a href=\"https://nguyentrongpho.com/huong-dan-tao-bai-viet\"><span style=\"color:#2980b9\">link sau</span></a></strong></p>\r\n\r\n<h3>2.5 Cấu h&igrave;nh t&agrave;i nguy&ecirc;n&nbsp;</h3>\r\n\r\n<ul>\r\n	<li>Đối với video<strong><span style=\"color:#2980b9\"> </span><a href=\"https://nguyentrongpho.com/huong-dan-cau-hinh-video\"><span style=\"color:#2980b9\">link</span></a></strong></li>\r\n	<li>Đối với album <strong><a href=\"https://nguyentrongpho.com/huong-dan-cau-hinh-album\"><span style=\"color:#2980b9\">link</span></a></strong></li>\r\n</ul>', 'Bài viết này hướng dẫn sử dụng website được xây dựng từ BRV Cms', '2', 'post', '', 0, 0, 334, 'vi', '2022-01-21 10:11:55', '2022-06-07 07:50:16'),
(10, 1, 'slide_trangchu.jpeg_5244', 'https://nguyentrongpho.com/storage/photos/shares/slide_trangchu.jpeg', 'slide_trangchu.jpeg_5244', NULL, '#', '1', 'image', '', 0, 1, 0, 'vi', '2022-01-23 13:53:20', '2022-01-23 13:53:20'),
(11, 1, '2 Hours of Beautiful Coral Reef Fish, Relaxing Ocean Fish, & Stunning Aquarium Relax Music', 'https://i.ytimg.com/vi/cC9r0jHF-Fw/hqdefault.jpg', '2-hours-of-beautiful-coral-reef-fish-relaxing-ocean-fish-stunning-aquarium-relax-music', NULL, 'cC9r0jHF-Fw', '1', 'video', '', 0, 0, 3, 'vi', '2022-01-23 14:05:42', '2022-04-06 11:18:40'),
(13, 1, 'Hướng dẫn chèn hình ảnh vào nội dung bài viết', 'https://nguyentrongpho.com/storage/photos/shares/202202/hinh-anh-huong-dan-chen-anh/huong-dan-viet-bai-5.png', 'huong-dan-chen-hinh-anh-vao-noi-dung-bai-viet', '<p>B&agrave;i viết n&agrave;y hướng dẫn ch&egrave;n h&igrave;nh ảnh v&agrave;o nội dung b&agrave;i viết. Sử dụng c&ocirc;ng cụ quản l&yacute; media để upload ảnh v&agrave;o import ảnh v&agrave;o b&agrave;i viết</p>\r\n\r\n<h2><strong>1. Chuẩn bị</strong></h2>\r\n\r\n<p>Sau khi nội dung b&agrave;i viết đ&atilde; ho&agrave;n th&agrave;nh cần ch&egrave;n c&aacute;c h&igrave;nh ảnh minh hoạ cho b&agrave;i viết. N&ecirc;n chuẩn bị c&aacute;c h&igrave;nh ảnh n&agrave;y ở tr&ecirc;n m&aacute;y t&iacute;nh của bạn,&nbsp;</p>\r\n\r\n<ul>\r\n	<li>Đặt t&ecirc;n h&igrave;nh ảnh giống nhau v&agrave; th&ecirc;m c&aacute;c số thứ tự 1,2,3 &hellip;</li>\r\n	<li>Một b&agrave;i viết n&ecirc;n c&oacute; 1 đ&ecirc;n 3 h&igrave;nh ảnh trở l&ecirc;n</li>\r\n	<li>Độ rộng của h&igrave;nh ảnh tối đa 800px, chiều cao tuỳ &yacute;</li>\r\n	<li>Dung lượng của h&igrave;nh ảnh tầm 100kb (d&ugrave;ng lượng c&agrave;ng b&eacute; website load c&agrave;ng nhanh)</li>\r\n</ul>\r\n\r\n<h2><strong>2. Thực hiện import ảnh</strong></h2>\r\n\r\n<p>Thực hiện upload ảnh l&ecirc;n c&ocirc;ng cụ quản l&yacute; ảnh</p>\r\n\r\n<h3>2.1 Chọn icon H&igrave;nh ảnh tr&ecirc;n Editor</h3>\r\n\r\n<p>&nbsp;</p>\r\n\r\n<p><img alt=\"\" src=\"https://nguyentrongpho.com/storage/photos/shares/202202/%08huong-dan/huong-dan-chen-anh-1.jpg\" /></p>\r\n\r\n<p>&nbsp;</p>\r\n\r\n<h3>2.2&nbsp; Một popup hiển thị l&ecirc;n chọn Duyệt m&aacute;y chủ</h3>\r\n\r\n<p>&nbsp;</p>\r\n\r\n<p><img alt=\"\" src=\"https://nguyentrongpho.com/storage/photos/shares/202202/%08huong-dan/huong-dan-chen-anh-2.png\" /></p>\r\n\r\n<p>&nbsp;</p>\r\n\r\n<h3>2.3 Tạo một thư mục chứa h&igrave;nh ảnh</h3>\r\n\r\n<ul>\r\n	<li>T&ecirc;n thư mục viết kh&ocirc;ng c&oacute; dấu (Ex: hinh-anh-huong-dan-viet-bai)</li>\r\n	<li>N&ecirc;n tạo c&aacute;c thư mục theo từng th&aacute;ng để l&agrave;m thư mục cha cho th&aacute;ng đ&oacute;</li>\r\n</ul>\r\n\r\n<p>&nbsp;</p>\r\n\r\n<p><img alt=\"\" src=\"https://nguyentrongpho.com/storage/photos/shares/202202/%08huong-dan/huong-dan-chen-anh-3.png\" /></p>\r\n\r\n<p>&nbsp;</p>\r\n\r\n<h3>2.4 Click v&agrave;o folder vừa tạo v&agrave; thực hiện upload ảnh -&gt; click vo&agrave; icon Tải tập tin l&ecirc;n</h3>\r\n\r\n<p>&nbsp;</p>\r\n\r\n<p><img alt=\"\" src=\"https://nguyentrongpho.com/storage/photos/shares/202202/%08huong-dan/huong-dan-chen-anh-5.png\" /><img alt=\"\" src=\"https://nguyentrongpho.com/storage/photos/shares/202202/%08huong-dan/huong-dan-chen-anh-5.jpg\" /></p>\r\n\r\n<p>&nbsp;</p>\r\n\r\n<h3>2.5 Click v&agrave;o Chọn Tệp&nbsp;</h3>\r\n\r\n<p>T&igrave;m tới folder chứa ảnh đ&atilde; chuẩn bị =&gt; B&ocirc;i đen chọn to&agrave;n bộ =&gt;&nbsp; Nhấn Open&nbsp;</p>\r\n\r\n<p>&nbsp;</p>\r\n\r\n<p>&nbsp;<img alt=\"\" src=\"https://nguyentrongpho.com/storage/photos/shares/202202/%08huong-dan/huong-dan-chen-anh-6.jpg\" /></p>\r\n\r\n<p>&nbsp;</p>\r\n\r\n<p>&nbsp;<img alt=\"\" src=\"https://nguyentrongpho.com/storage/photos/shares/202202/%08huong-dan/huong-dan-chen-anh-7.jpg\" /></p>\r\n\r\n<p>&nbsp;</p>\r\n\r\n<h3>2.6&nbsp; Ch&egrave;n ảnh v&agrave;o b&agrave;i viết</h3>\r\n\r\n<ul>\r\n	<li>Click con trỏ v&agrave;o tại vị tr&iacute; cần ch&egrave;n ảnh</li>\r\n	<li>Click v&agrave;o icon H&igrave;nh ảnh tr&ecirc;n Editor (bước 2.1)</li>\r\n	<li>Duyệt m&aacute;y chủ (2.2)</li>\r\n	<li>T&Igrave;m đến folder vừa upload ảnh l&ecirc;n (2.4)</li>\r\n	<li>Click v&agrave;o 1 h&igrave;nh ảnh cần ch&egrave;n&nbsp;</li>\r\n</ul>\r\n\r\n<p>Lưu &yacute; xo&aacute; chiều rộng v&agrave;o chiều cao của h&igrave;nh ảnh</p>\r\n\r\n<p><img alt=\"\" src=\"https://nguyentrongpho.com/storage/photos/shares/202202/%08huong-dan/huong-dan-chen-anh-8.jpg\" /></p>\r\n\r\n<p>Nhấn đồng &yacute;</p>\r\n\r\n<p>Như vậy h&igrave;nh ảnh đ&atilde; được ch&egrave;n v&agrave;o vị tr&iacute; như mong muốn</p>\r\n\r\n<p><br />\r\n<br />\r\n&nbsp;</p>', 'Bài viết này hướng dẫn chèn hình ảnh vào nội dung bài viết. Sử dụng công cụ quản lý media để upload ảnh vào import ảnh vào bài viết', '1', 'post', '', 0, 0, 213, 'vi', '2022-01-25 15:16:28', '2022-06-07 05:26:05'),
(14, 1, 'Laravel', NULL, 'laravel-7118', NULL, NULL, '1', 'menu_item', 'link', 0, 3, 3, 'vi', '2022-02-06 14:11:09', '2022-04-07 22:07:35'),
(15, 1, 'Tip & Trick', NULL, 'tip-trick', NULL, NULL, '1', 'menu_item', 'category', 14, 4, 156, 'vi', '2022-02-06 14:11:52', '2022-06-07 07:10:46'),
(16, 1, 'Blog laravel', NULL, 'blog-laravel', NULL, NULL, '1', 'menu_item', 'category', 14, 5, 171, 'vi', '2022-02-06 14:12:47', '2022-06-07 05:51:01'),
(17, 1, 'Tutorial', NULL, 'tutorial', NULL, NULL, '1', 'menu_item', 'category', 14, 6, 143, 'vi', '2022-02-06 14:13:30', '2022-06-06 16:57:42'),
(18, 1, '20 mẹo và thủ thuật Laravel Eloquent', NULL, '20-meo-va-thu-thuat-laravel-eloquent', '<p>https://laravel-news.com/eloquent-tips-tricks</p>', NULL, '0', 'post', '', 0, 0, 36, 'vi', '2022-02-06 14:16:33', '2022-05-31 07:32:00'),
(19, 1, 'Hướng dẫn deploy project laravel lên server', NULL, 'huong-dan-deploy-project-laravel-len-server', NULL, NULL, '0', 'post', '', 0, 0, 32, 'vi', '2022-02-09 07:22:55', '2022-05-31 07:10:30'),
(20, 1, 'Hướng dẫn tạo cronjob backup trên (linux) cho các project web', NULL, 'huong-dan-tao-cronjob-backup-tren-linux-cho-cac-project-web', NULL, NULL, '0', 'post', '', 0, 0, 4, 'vi', '2022-02-09 07:23:44', '2022-05-12 03:55:33'),
(21, 1, 'Hướng dẫn xây dựng một CMS từ framework Laravel', NULL, 'huong-dan-xay-dung-mot-cms-tu-framework-laravel', NULL, NULL, '0', 'post', '', 0, 0, 20, 'vi', '2022-02-09 07:24:11', '2022-05-30 22:02:59'),
(22, 1, 'Tích hợp Google Analytics API vào ứng dụng Laravel', NULL, 'tich-hop-google-analytics-api-vao-ung-dung-laravel', '<p>https://sudo.vn/blog/tich-hop-google-analytics-api-vao-ung-dung-laravel-de-thong-ke-truy-cap-website.html</p>', NULL, '0', 'post', '', 0, 0, 18, 'vi', '2022-02-09 09:20:22', '2022-06-03 12:07:29'),
(24, 1, 'Hướng dẫn tạo bash shell scan virus cho project web trên server linux', NULL, 'huong-dan-tao-bash-shell-scan-virus-cho-project-web-tren-server-linux', NULL, NULL, '0', 'post', '', 0, 0, 34, 'vi', '2022-02-09 11:11:28', '2022-05-31 07:57:47'),
(25, 1, 'Hướng dẫn chèn video vào bài viết', 'https://nguyentrongpho.com/storage/photos/shares/202202/huong-dan-chen-video-3.png', 'huong-dan-chen-video-vao-bai-viet', '<p>Để tạo một b&agrave;i viết truy cập link sau để xem <strong><a href=\"https://nguyentrongpho.com/huong-dan-tao-bai-viet\"><span style=\"color:#e74c3c\">hướng dẫn sau</span></a></strong></p>\r\n\r\n<p>Trong b&agrave;i viết khi muốn ch&egrave;n 1 video ch&uacute;ng ta thực hiện c&aacute;c bước sau</p>\r\n\r\n<h3><strong>Bước 1 : Truy cập v&agrave;o icon ch&egrave;n video (video youtube)</strong></h3>\r\n\r\n<p><img alt=\"\" src=\"https://nguyentrongpho.com/storage/photos/shares/202202/huong-dan-chen-video-1.png\" /></p>\r\n\r\n<h3><strong>Bước 2 Ch&egrave;n&nbsp; nội dung video</strong></h3>\r\n\r\n<p>Một popup hiển thị l&ecirc;n để nhập link youtube hoặc code Embed (sử dụng một trong hai phương &aacute;n tr&ecirc;n)</p>\r\n\r\n<p>M&atilde; embed:</p>\r\n\r\n<p>&lt; iframe allowfullscreen=&quot;&quot; frameborder=&quot;0&quot; height=&quot;315&quot; src=&quot;https://www.youtube.com/embed/cC9r0jHF-Fw&quot; title=&quot;YouTube video player&quot; width=&quot;560&quot;&gt;<!-- iframe--></p>\r\n\r\n<p>Link youtube</p>\r\n\r\n<p><a href=\"https://youtu.be/cC9r0jHF-Fw\">https://youtu.be/cC9r0jHF-Fw</a></p>\r\n\r\n<p>&nbsp;</p>\r\n\r\n<p><img alt=\"\" src=\"https://nguyentrongpho.com/storage/photos/shares/202202/huong-dan-chen-video-2.png\" style=\"height:900px; width:1150px\" /></p>\r\n\r\n<p>&nbsp;</p>\r\n\r\n<p><img alt=\"\" src=\"https://nguyentrongpho.com/storage/photos/shares/202202/huong-dan-chen-video-3.png\" /></p>\r\n\r\n<p>&nbsp;</p>\r\n\r\n<p>Sau đ&oacute; nhấn n&uacute;t Đồng &yacute;</p>\r\n\r\n<h3><strong>Bước 3: Căn chỉnh video</strong></h3>\r\n\r\n<p><img alt=\"\" src=\"https://nguyentrongpho.com/storage/photos/shares/202202/huong-dan-chen-video-4.png\" /></p>\r\n\r\n<p>Sử dụng c&ocirc;ng cụ căn giữa để cho video vo&agrave; ch&iacute;nh giữa</p>\r\n\r\n<p>&nbsp;</p>', NULL, '1', 'post', '', 0, 0, 162, 'vi', '2022-03-01 09:24:22', '2022-06-06 16:57:51'),
(26, 1, 'Hướng dẫn cấu hình page nhóm bài viết', 'https://nguyentrongpho.com/storage/photos/shares/202203/huong-dan-cau-hinh-page-nhombaiviet/huong-dan-tao-page-nhombaiviet-1.png', 'huong-dan-cau-hinh-page-nhom-bai-viet', '<p>Page nh&oacute;m b&agrave;i viết l&agrave; page hiển thị danh s&aacute;ch b&agrave;i viết của một nh&oacute;m b&agrave;i viết</p>\r\n\r\n<h2>1. Cấu h&igrave;nh nh&oacute;m b&agrave;i viết</h2>\r\n\r\n<p>Truy cập : B&agrave;i viết &gt; Nh&oacute;m b&agrave;i viết&nbsp;</p>\r\n\r\n<p><img alt=\"\" src=\"https://nguyentrongpho.com/storage/photos/shares/202203/huong-dan-cau-hinh-page-nhombaiviet/huong-dan-tao-page-nhombaiviet-1.png\" /></p>\r\n\r\n<p>Sau khi c&oacute; nh&oacute;m b&agrave;i viết, viết c&aacute;c b&agrave;i viết v&agrave; cấu h&igrave;nh c&aacute;c b&agrave;i viết n&agrave;y v&agrave;o nh&oacute;m vừa tạo</p>\r\n\r\n<p><img alt=\"\" src=\"https://nguyentrongpho.com/storage/photos/shares/202203/huong-dan-cau-hinh-page-nhombaiviet/huong-dan-tao-page-nhombaiviet-2.png\" style=\"height:672px; width:1409px\" /></p>\r\n\r\n<p>Ho&agrave;n th&agrave;nh xong bước n&agrave;y ch&uacute;ng ta đ&atilde; c&oacute; 1 nh&oacute;m b&agrave;i viết v&agrave; c&aacute;c b&agrave;i viết thuộc nh&oacute;m đ&oacute;, bước tiếp theo ch&uacute;ng ta tạo 1 page để hiển thị nh&oacute;m b&agrave;i viết vừa tạo</p>\r\n\r\n<h2>2. Cấu h&igrave;nh page&nbsp;</h2>\r\n\r\n<p>Page hiển thị nh&oacute;m b&agrave;i viết c&oacute; template l&agrave; : Nh&oacute;m b&agrave;i viết</p>\r\n\r\n<p>Truy cập: Menu &gt; Cấu tr&uacute;c&nbsp;menu&nbsp;</p>\r\n\r\n<p>Tạo một page c&oacute; template l&agrave; : Nh&oacute;m b&agrave;i viết</p>\r\n\r\n<p><img alt=\"\" src=\"https://nguyentrongpho.com/storage/photos/shares/202203/huong-dan-cau-hinh-page-nhombaiviet/huong-dan-tao-page-nhombaiviet-3.png\" /></p>\r\n\r\n<p>V&agrave;o chỉnh sửa page đ&oacute; v&agrave; cấu h&igrave;nh page nh&oacute;m b&agrave;i viết cho n&oacute;</p>\r\n\r\n<p><img alt=\"\" src=\"https://nguyentrongpho.com/storage/photos/shares/202203/huong-dan-cau-hinh-page-nhombaiviet/huong-dan-tao-page-nhombaiviet-4.png\" /></p>\r\n\r\n<p>&nbsp;</p>', NULL, '1', 'post', '', 0, 0, 93, 'vi', '2022-03-18 04:42:55', '2022-06-07 03:19:37'),
(27, 1, 'Bài viết thuộc nhóm demo', NULL, 'bai-viet-thuoc-nhom-demo', NULL, NULL, '0', 'post', '', 0, 0, 4, 'vi', '2022-03-18 04:46:00', '2022-05-30 19:02:00'),
(29, 1, 'Sản phẩm demo 01', 'https://nguyentrongpho.com/storage/photos/shares/202203/demo01.jpeg', 'san-pham-demo-01', NULL, NULL, '1', 'product', '', 0, 0, 2, 'vi', '2022-03-21 16:32:06', '2022-05-29 05:04:11'),
(30, 1, 'Sản phẩm demo 02', 'https://nguyentrongpho.com/storage/photos/shares/202203/demo02.jpeg', 'san-pham-demo-02', NULL, NULL, '1', 'product', '', 0, 0, 3, 'vi', '2022-03-21 16:34:53', '2022-05-30 05:01:03'),
(31, 1, 'Nhóm sản phẩm demo', NULL, 'nhom-san-pham-demo', NULL, NULL, '1', 'menu_item', 'product', 0, 1, 66, 'vi', '2022-03-21 16:35:47', '2022-04-16 02:42:34'),
(32, 1, 'Sản phẩm demo 03', NULL, 'san-pham-demo-03', NULL, NULL, '1', 'product', '', 0, 0, 1, 'vi', '2022-03-30 07:44:16', '2022-05-28 20:22:57');

INSERT INTO `brv_receive_data` (`id`, `name`, `email`, `phone`, `add`, `title`, `description`, `note`, `content`, `status`, `type`, `created_at`, `updated_at`) VALUES
(1, 'Mr phong', NULL, '0915881120', 'Thanh xuân, hà nội, việt nam', NULL, NULL, 'Giao hàng giờ hành chính', '<i>Free ship khi đơn hàng > 600,000 đ</i>\n<table class=\"cart\">\n	<tr class=\"th\">\n		<th colspan=\"3\">Sản phẩm</th>\n		<th class=\"hidden-sm-down\">Giá</th>\n		<th >Số lượng</th>\n		<th  class=\"hidden-sm-down\">Tổng cộng</th>\n	</tr>\n					<input type=\"hidden\" name=\"price_2ce60c036bb2a93399e805b26564a255\" id=\"price_2ce60c036bb2a93399e805b26564a255\" value=\"500\">\n	<tr class=\"item\" id=\"2ce60c036bb2a93399e805b26564a255\">\n		<td>\n			<button data-rowid=\"2ce60c036bb2a93399e805b26564a255\" class=\"cart__remove\" title=\"Remove\">\n				<svg width=\"2050px\" height=\"2050px\" viewBox=\"0 0 2050 2050\" data-name=\"Layer 3\" id=\"Layer_3\" xmlns=\"http://www.w3.org/2000/svg\"><defs><style>.cls-2{fill:#fff;}</style></defs><title/>\n	<path class=\"cls-1\" d=\"M1554.9,602.8H508.2a45,45,0,0,0,0,90h84.1l64.9,768.3a156,156,0,0,0,155.3,142.7h438.1a155.8,155.8,0,0,0,155.3-142.7l64.9-768.3h84.1a45,45,0,0,0,0-90Z\"/><path class=\"cls-2\" d=\"M929.8,1422.6a45,45,0,0,1-44.8-41L840.8,876.4a45,45,0,0,1,89.6-7.8l44.3,505.1a45.1,45.1,0,0,1-40.9,48.8Z\"/><path class=\"cls-2\" d=\"M1133.3,1422.6h-3.9a45,45,0,0,1-40.9-48.8l44.2-505.1a45,45,0,0,1,89.7,7.8l-44.3,505.2A44.9,44.9,0,0,1,1133.3,1422.6Z\"/><path class=\"cls-1\" d=\"M1155.4,536.2H907.7a45,45,0,1,1,0-90h247.7a45,45,0,0,1,0,90Z\"/></svg>\n			</button>\n		</td>\n		<td class=\"p-2\">\n			<img src=\"https://nguyentrongpho.com/storage/photos/shares/202203/demo01.jpeg\" width=\"75\" >\n		</td>\n		<td  class=\"pt-3 pl-2 pr-2 pb-3 name\" >\n			<span class=\"text-blue\" >Sản phẩm demo 01</span>\n		</td>\n		<td  class=\"hidden-sm-down\">\n			<span class=\"font18 text-bold\">500 đ</span>\n		</td>\n		<td class=\"count p-3\">\n			<button class=\"btn_change_cart_item btn_minus\" data-rowid=\"2ce60c036bb2a93399e805b26564a255\" data-type=\"minus\" >\n				-\n			</button>\n			<input  class=\"qty\" id=\"qty_2ce60c036bb2a93399e805b26564a255\" type=\"text\" name=\"qty\" value=\"1\" min=\"1\" readonly>\n			<button class=\"btn_change_cart_item btn_plus\"  data-rowid=\"2ce60c036bb2a93399e805b26564a255\" data-type=\"plus\" >\n				+\n			</button>\n		</td>\n		<td align=\"center\"  class=\"hidden-sm-down\">\n			<span class=\"font18 text-bold pull-right\" id=\"total_2ce60c036bb2a93399e805b26564a255\">500 đ</span>\n		</td>\n	</tr>\n			<tr class=\"item \">\n		<td colspan=\"2\" class=\"p-3\">\n			<span class=\"text-bold\">Giao hàng </span>\n		</td>\n		<td colspan=\"2\" class=\"hidden-sm-down\"></td>\n		<td colspan=\"2\">\n			<input type=\"hidden\" name=\"fee_ship\" id=\"fee_ship\" value=\"50000\">\n						<div id=\"have_ship\" class=\"ship pull-right text-bold\">\n				50,000 đ\n			</div>\n					</td>\n	</tr>\n	<tr>\n		<td colspan=\"2\" class=\"p-3\">\n			<span class=\"font18 text-bold\">Tổng tiền</span>\n		</td>\n		<td colspan=\"2\"  class=\"hidden-sm-down\"></td>\n		<td colspan=\"2\">\n			<span id=\"total\" class=\"pull-right font18 text-bold\">\n								50,500 đ\n			</span>\n		</td>\n	</tr>\n</table>\n', -1, 'order', '2022-03-21 16:55:17', '2022-03-21 17:32:06'),
(2, 'mr kkk', NULL, '34234', 'ha noi viet nam', NULL, NULL, 'notee', '<table style=\"border-spacing: 0px;margin-top: 10px;\">\n	<thead>\n		<tr style=\"background-color: #4CAF50;padding: 8px;\">\n			<th style=\"padding:6px 8px; color: white;\">Product</th>\n			<th style=\"padding:6px 8px; color: white;\">Price</th>\n			<th style=\"padding:6px 8px; color: white;\">Number</th>\n			<th style=\"padding:6px 8px; color: white;\">Sum</th>\n		</tr>\n	</thead>\n	<tbody>\n								<tr style=\"border:1px solid #FAFAFA;padding: 8px;\">\n			<td  style=\"padding:6px; border:1px solid #FAFAFA;\">Sản phẩm demo 02</td>\n			<td style=\"padding:6px; border:1px solid #FAFAFA;\">\n				600đ\n			</td>\n			<td style=\"padding:6px; border:1px solid #FAFAFA;\">\n				1\n			</td>\n			<td style=\"padding:6px; border:1px solid #FAFAFA;\">\n				600đ\n			</td>\n		</tr>\n						<tr style=\"border:1px solid #FAFAFA;padding: 8px;\">\n			<td  style=\"padding:6px; border:1px solid #FAFAFA;\">Sản phẩm demo 01</td>\n			<td style=\"padding:6px; border:1px solid #FAFAFA;\">\n				500đ\n			</td>\n			<td style=\"padding:6px; border:1px solid #FAFAFA;\">\n				2\n			</td>\n			<td style=\"padding:6px; border:1px solid #FAFAFA;\">\n				1.000đ\n			</td>\n		</tr>\n				<tr>\n			<td colspan=\"3\"  style=\"padding:6px; border:1px solid #FAFAFA;\">Fee ship:</td>\n			<td  style=\"padding:6px; border:1px solid #FAFAFA;\">\n				50.000đ\n			</td>\n		</tr><tr>\n			<td colspan=\"3\"  style=\"padding:6px; border:1px solid #FAFAFA;\">Tổng cộng:</td>\n			<td  style=\"padding:6px; border:1px solid #FAFAFA;\">\n								51.600đ\n			</td>\n		</tr>\n	</tbody>\n</table>\n', 0, 'order', '2022-03-21 17:31:55', '2022-03-21 17:31:55'),
(3, 'mr kk', NULL, '232', '232', NULL, NULL, '23', '<table style=\"border-spacing: 0px;margin-top: 10px;\">\n	<thead>\n		<tr style=\"background-color: #4CAF50;padding: 8px;\">\n			<th style=\"padding:6px 8px; color: white;\">Product</th>\n			<th style=\"padding:6px 8px; color: white;\">Price</th>\n			<th style=\"padding:6px 8px; color: white;\">Number</th>\n			<th style=\"padding:6px 8px; color: white;\">Sum</th>\n		</tr>\n	</thead>\n	<tbody>\n								<tr style=\"border:1px solid #FAFAFA;padding: 8px;\">\n			<td  style=\"padding:6px; border:1px solid #FAFAFA;\">Sản phẩm demo 02</td>\n			<td style=\"padding:6px; border:1px solid #FAFAFA;\">\n				600đ\n			</td>\n			<td style=\"padding:6px; border:1px solid #FAFAFA;\">\n				2\n			</td>\n			<td style=\"padding:6px; border:1px solid #FAFAFA;\">\n				1.200đ\n			</td>\n		</tr>\n						<tr style=\"border:1px solid #FAFAFA;padding: 8px;\">\n			<td  style=\"padding:6px; border:1px solid #FAFAFA;\">Sản phẩm demo 01</td>\n			<td style=\"padding:6px; border:1px solid #FAFAFA;\">\n				500đ\n			</td>\n			<td style=\"padding:6px; border:1px solid #FAFAFA;\">\n				2\n			</td>\n			<td style=\"padding:6px; border:1px solid #FAFAFA;\">\n				1.000đ\n			</td>\n		</tr>\n				<tr>\n			<td colspan=\"3\"  style=\"padding:6px; border:1px solid #FAFAFA;\">Fee ship:</td>\n			<td  style=\"padding:6px; border:1px solid #FAFAFA;\">\n				50.000đ\n			</td>\n		</tr><tr>\n			<td colspan=\"3\"  style=\"padding:6px; border:1px solid #FAFAFA;\">Tổng cộng:</td>\n			<td  style=\"padding:6px; border:1px solid #FAFAFA;\">\n								52.200đ\n			</td>\n		</tr>\n	</tbody>\n</table>\n', 0, 'order', '2022-03-26 16:03:17', '2022-03-26 16:03:17'),
(4, 'mr kk', NULL, '232', '232', NULL, NULL, '23', '<table style=\"border-spacing: 0px;margin-top: 10px;\">\n	<thead>\n		<tr style=\"background-color: #4CAF50;padding: 8px;\">\n			<th style=\"padding:6px 8px; color: white;\">Product</th>\n			<th style=\"padding:6px 8px; color: white;\">Price</th>\n			<th style=\"padding:6px 8px; color: white;\">Number</th>\n			<th style=\"padding:6px 8px; color: white;\">Sum</th>\n		</tr>\n	</thead>\n	<tbody>\n								<tr style=\"border:1px solid #FAFAFA;padding: 8px;\">\n			<td  style=\"padding:6px; border:1px solid #FAFAFA;\">Sản phẩm demo 02</td>\n			<td style=\"padding:6px; border:1px solid #FAFAFA;\">\n				600đ\n			</td>\n			<td style=\"padding:6px; border:1px solid #FAFAFA;\">\n				2\n			</td>\n			<td style=\"padding:6px; border:1px solid #FAFAFA;\">\n				1.200đ\n			</td>\n		</tr>\n						<tr style=\"border:1px solid #FAFAFA;padding: 8px;\">\n			<td  style=\"padding:6px; border:1px solid #FAFAFA;\">Sản phẩm demo 01</td>\n			<td style=\"padding:6px; border:1px solid #FAFAFA;\">\n				500đ\n			</td>\n			<td style=\"padding:6px; border:1px solid #FAFAFA;\">\n				2\n			</td>\n			<td style=\"padding:6px; border:1px solid #FAFAFA;\">\n				1.000đ\n			</td>\n		</tr>\n				<tr>\n			<td colspan=\"3\"  style=\"padding:6px; border:1px solid #FAFAFA;\">Fee ship:</td>\n			<td  style=\"padding:6px; border:1px solid #FAFAFA;\">\n				50.000đ\n			</td>\n		</tr><tr>\n			<td colspan=\"3\"  style=\"padding:6px; border:1px solid #FAFAFA;\">Tổng cộng:</td>\n			<td  style=\"padding:6px; border:1px solid #FAFAFA;\">\n								52.200đ\n			</td>\n		</tr>\n	</tbody>\n</table>\n', 0, 'order', '2022-03-26 16:07:06', '2022-03-26 16:07:06'),
(5, 'mr kk', NULL, '232', '232', NULL, NULL, '23', '<table style=\"border-spacing: 0px;margin-top: 10px;\">\n	<thead>\n		<tr style=\"background-color: #4CAF50;padding: 8px;\">\n			<th style=\"padding:6px 8px; color: white;\">Product</th>\n			<th style=\"padding:6px 8px; color: white;\">Price</th>\n			<th style=\"padding:6px 8px; color: white;\">Number</th>\n			<th style=\"padding:6px 8px; color: white;\">Sum</th>\n		</tr>\n	</thead>\n	<tbody>\n								<tr style=\"border:1px solid #FAFAFA;padding: 8px;\">\n			<td  style=\"padding:6px; border:1px solid #FAFAFA;\">Sản phẩm demo 02</td>\n			<td style=\"padding:6px; border:1px solid #FAFAFA;\">\n				600đ\n			</td>\n			<td style=\"padding:6px; border:1px solid #FAFAFA;\">\n				2\n			</td>\n			<td style=\"padding:6px; border:1px solid #FAFAFA;\">\n				1.200đ\n			</td>\n		</tr>\n						<tr style=\"border:1px solid #FAFAFA;padding: 8px;\">\n			<td  style=\"padding:6px; border:1px solid #FAFAFA;\">Sản phẩm demo 01</td>\n			<td style=\"padding:6px; border:1px solid #FAFAFA;\">\n				500đ\n			</td>\n			<td style=\"padding:6px; border:1px solid #FAFAFA;\">\n				2\n			</td>\n			<td style=\"padding:6px; border:1px solid #FAFAFA;\">\n				1.000đ\n			</td>\n		</tr>\n				<tr>\n			<td colspan=\"3\"  style=\"padding:6px; border:1px solid #FAFAFA;\">Fee ship:</td>\n			<td  style=\"padding:6px; border:1px solid #FAFAFA;\">\n				50.000đ\n			</td>\n		</tr><tr>\n			<td colspan=\"3\"  style=\"padding:6px; border:1px solid #FAFAFA;\">Tổng cộng:</td>\n			<td  style=\"padding:6px; border:1px solid #FAFAFA;\">\n								52.200đ\n			</td>\n		</tr>\n	</tbody>\n</table>\n', 0, 'order', '2022-03-26 16:08:04', '2022-03-26 16:08:04'),
(6, 'mr kk', NULL, '232', '232', NULL, NULL, '23', '<table style=\"border-spacing: 0px;margin-top: 10px;\">\n	<thead>\n		<tr style=\"background-color: #4CAF50;padding: 8px;\">\n			<th style=\"padding:6px 8px; color: white;\">Product</th>\n			<th style=\"padding:6px 8px; color: white;\">Price</th>\n			<th style=\"padding:6px 8px; color: white;\">Number</th>\n			<th style=\"padding:6px 8px; color: white;\">Sum</th>\n		</tr>\n	</thead>\n	<tbody>\n								<tr style=\"border:1px solid #FAFAFA;padding: 8px;\">\n			<td  style=\"padding:6px; border:1px solid #FAFAFA;\">Sản phẩm demo 02</td>\n			<td style=\"padding:6px; border:1px solid #FAFAFA;\">\n				600đ\n			</td>\n			<td style=\"padding:6px; border:1px solid #FAFAFA;\">\n				2\n			</td>\n			<td style=\"padding:6px; border:1px solid #FAFAFA;\">\n				1.200đ\n			</td>\n		</tr>\n						<tr style=\"border:1px solid #FAFAFA;padding: 8px;\">\n			<td  style=\"padding:6px; border:1px solid #FAFAFA;\">Sản phẩm demo 01</td>\n			<td style=\"padding:6px; border:1px solid #FAFAFA;\">\n				500đ\n			</td>\n			<td style=\"padding:6px; border:1px solid #FAFAFA;\">\n				2\n			</td>\n			<td style=\"padding:6px; border:1px solid #FAFAFA;\">\n				1.000đ\n			</td>\n		</tr>\n				<tr>\n			<td colspan=\"3\"  style=\"padding:6px; border:1px solid #FAFAFA;\">Fee ship:</td>\n			<td  style=\"padding:6px; border:1px solid #FAFAFA;\">\n				50.000đ\n			</td>\n		</tr><tr>\n			<td colspan=\"3\"  style=\"padding:6px; border:1px solid #FAFAFA;\">Tổng cộng:</td>\n			<td  style=\"padding:6px; border:1px solid #FAFAFA;\">\n								52.200đ\n			</td>\n		</tr>\n	</tbody>\n</table>\n', 0, 'order', '2022-03-26 16:08:38', '2022-03-26 16:08:38'),
(7, 'mr kk', NULL, '232', '232', NULL, NULL, '23', '<table style=\"border-spacing: 0px;margin-top: 10px;\">\n	<thead>\n		<tr style=\"background-color: #4CAF50;padding: 8px;\">\n			<th style=\"padding:6px 8px; color: white;\">Product</th>\n			<th style=\"padding:6px 8px; color: white;\">Price</th>\n			<th style=\"padding:6px 8px; color: white;\">Number</th>\n			<th style=\"padding:6px 8px; color: white;\">Sum</th>\n		</tr>\n	</thead>\n	<tbody>\n								<tr style=\"border:1px solid #FAFAFA;padding: 8px;\">\n			<td  style=\"padding:6px; border:1px solid #FAFAFA;\">Sản phẩm demo 02</td>\n			<td style=\"padding:6px; border:1px solid #FAFAFA;\">\n				600đ\n			</td>\n			<td style=\"padding:6px; border:1px solid #FAFAFA;\">\n				2\n			</td>\n			<td style=\"padding:6px; border:1px solid #FAFAFA;\">\n				1.200đ\n			</td>\n		</tr>\n						<tr style=\"border:1px solid #FAFAFA;padding: 8px;\">\n			<td  style=\"padding:6px; border:1px solid #FAFAFA;\">Sản phẩm demo 01</td>\n			<td style=\"padding:6px; border:1px solid #FAFAFA;\">\n				500đ\n			</td>\n			<td style=\"padding:6px; border:1px solid #FAFAFA;\">\n				2\n			</td>\n			<td style=\"padding:6px; border:1px solid #FAFAFA;\">\n				1.000đ\n			</td>\n		</tr>\n				<tr>\n			<td colspan=\"3\"  style=\"padding:6px; border:1px solid #FAFAFA;\">Fee ship:</td>\n			<td  style=\"padding:6px; border:1px solid #FAFAFA;\">\n				50.000đ\n			</td>\n		</tr><tr>\n			<td colspan=\"3\"  style=\"padding:6px; border:1px solid #FAFAFA;\">Tổng cộng:</td>\n			<td  style=\"padding:6px; border:1px solid #FAFAFA;\">\n								52.200đ\n			</td>\n		</tr>\n	</tbody>\n</table>\n', 0, 'order', '2022-03-26 16:08:54', '2022-03-26 16:08:54'),
(8, 'mr phong', NULL, '23232', 'ha noi viet nam', NULL, NULL, 'ghi chi', '<table style=\"border-spacing: 0px;margin-top: 10px;\">\n	<thead>\n		<tr style=\"background-color: #4CAF50;padding: 8px;\">\n			<th style=\"padding:6px 8px; color: white;\">Product</th>\n			<th style=\"padding:6px 8px; color: white;\">Price</th>\n			<th style=\"padding:6px 8px; color: white;\">Number</th>\n			<th style=\"padding:6px 8px; color: white;\">Sum</th>\n		</tr>\n	</thead>\n	<tbody>\n								<tr style=\"border:1px solid #FAFAFA;padding: 8px;\">\n			<td  style=\"padding:6px; border:1px solid #FAFAFA;\">Sản phẩm demo 02</td>\n			<td style=\"padding:6px; border:1px solid #FAFAFA;\">\n				600đ\n			</td>\n			<td style=\"padding:6px; border:1px solid #FAFAFA;\">\n				2\n			</td>\n			<td style=\"padding:6px; border:1px solid #FAFAFA;\">\n				1.200đ\n			</td>\n		</tr>\n						<tr style=\"border:1px solid #FAFAFA;padding: 8px;\">\n			<td  style=\"padding:6px; border:1px solid #FAFAFA;\">Sản phẩm demo 01</td>\n			<td style=\"padding:6px; border:1px solid #FAFAFA;\">\n				500đ\n			</td>\n			<td style=\"padding:6px; border:1px solid #FAFAFA;\">\n				2\n			</td>\n			<td style=\"padding:6px; border:1px solid #FAFAFA;\">\n				1.000đ\n			</td>\n		</tr>\n				<tr>\n			<td colspan=\"3\"  style=\"padding:6px; border:1px solid #FAFAFA;\">Fee ship:</td>\n			<td  style=\"padding:6px; border:1px solid #FAFAFA;\">\n				50.000đ\n			</td>\n		</tr><tr>\n			<td colspan=\"3\"  style=\"padding:6px; border:1px solid #FAFAFA;\">Tổng cộng:</td>\n			<td  style=\"padding:6px; border:1px solid #FAFAFA;\">\n								52.200đ\n			</td>\n		</tr>\n	</tbody>\n</table>\n', 0, 'order', '2022-03-26 16:09:11', '2022-03-26 16:09:11'),
(9, 'mr phong', NULL, '23123123', 'ha noi viet nam', NULL, NULL, 'ghi chu test', '<table style=\"border-spacing: 0px;margin-top: 10px;\">\n	<thead>\n		<tr style=\"background-color: #4CAF50;padding: 8px;\">\n			<th style=\"padding:6px 8px; color: white;\">Product</th>\n			<th style=\"padding:6px 8px; color: white;\">Price</th>\n			<th style=\"padding:6px 8px; color: white;\">Number</th>\n			<th style=\"padding:6px 8px; color: white;\">Sum</th>\n		</tr>\n	</thead>\n	<tbody>\n								<tr style=\"border:1px solid #FAFAFA;padding: 8px;\">\n			<td  style=\"padding:6px; border:1px solid #FAFAFA;\">Sản phẩm demo 02</td>\n			<td style=\"padding:6px; border:1px solid #FAFAFA;\">\n				600đ\n			</td>\n			<td style=\"padding:6px; border:1px solid #FAFAFA;\">\n				2\n			</td>\n			<td style=\"padding:6px; border:1px solid #FAFAFA;\">\n				1.200đ\n			</td>\n		</tr>\n						<tr style=\"border:1px solid #FAFAFA;padding: 8px;\">\n			<td  style=\"padding:6px; border:1px solid #FAFAFA;\">Sản phẩm demo 01</td>\n			<td style=\"padding:6px; border:1px solid #FAFAFA;\">\n				500đ\n			</td>\n			<td style=\"padding:6px; border:1px solid #FAFAFA;\">\n				1\n			</td>\n			<td style=\"padding:6px; border:1px solid #FAFAFA;\">\n				500đ\n			</td>\n		</tr>\n				<tr>\n			<td colspan=\"3\"  style=\"padding:6px; border:1px solid #FAFAFA;\">Fee ship:</td>\n			<td  style=\"padding:6px; border:1px solid #FAFAFA;\">\n				50.000đ\n			</td>\n		</tr><tr>\n			<td colspan=\"3\"  style=\"padding:6px; border:1px solid #FAFAFA;\">Tổng cộng:</td>\n			<td  style=\"padding:6px; border:1px solid #FAFAFA;\">\n								51.700đ\n			</td>\n		</tr>\n	</tbody>\n</table>\n', 0, 'order', '2022-03-27 10:39:46', '2022-03-27 10:39:46'),
(10, 'mr kk', NULL, '2323', 'hoan kiem ha noi', NULL, NULL, 'fsfs', '<table style=\"border-spacing: 0px;margin-top: 10px;\">\n	<thead>\n		<tr style=\"background-color: #4CAF50;padding: 8px;\">\n			<th style=\"padding:6px 8px; color: white;\">Product</th>\n			<th style=\"padding:6px 8px; color: white;\">Price</th>\n			<th style=\"padding:6px 8px; color: white;\">Number</th>\n			<th style=\"padding:6px 8px; color: white;\">Sum</th>\n		</tr>\n	</thead>\n	<tbody>\n								<tr style=\"border:1px solid #FAFAFA;padding: 8px;\">\n			<td  style=\"padding:6px; border:1px solid #FAFAFA;\">Sản phẩm demo 02</td>\n			<td style=\"padding:6px; border:1px solid #FAFAFA;\">\n				600đ\n			</td>\n			<td style=\"padding:6px; border:1px solid #FAFAFA;\">\n				2\n			</td>\n			<td style=\"padding:6px; border:1px solid #FAFAFA;\">\n				1.200đ\n			</td>\n		</tr>\n						<tr style=\"border:1px solid #FAFAFA;padding: 8px;\">\n			<td  style=\"padding:6px; border:1px solid #FAFAFA;\">Sản phẩm demo 01</td>\n			<td style=\"padding:6px; border:1px solid #FAFAFA;\">\n				500đ\n			</td>\n			<td style=\"padding:6px; border:1px solid #FAFAFA;\">\n				1\n			</td>\n			<td style=\"padding:6px; border:1px solid #FAFAFA;\">\n				500đ\n			</td>\n		</tr>\n				<tr>\n			<td colspan=\"3\"  style=\"padding:6px; border:1px solid #FAFAFA;\">Fee ship:</td>\n			<td  style=\"padding:6px; border:1px solid #FAFAFA;\">\n				50.000đ\n			</td>\n		</tr><tr>\n			<td colspan=\"3\"  style=\"padding:6px; border:1px solid #FAFAFA;\">Tổng cộng:</td>\n			<td  style=\"padding:6px; border:1px solid #FAFAFA;\">\n								51.700đ\n			</td>\n		</tr>\n	</tbody>\n</table>\n', 0, 'order', '2022-03-27 10:57:51', '2022-03-27 10:57:51'),
(11, 'Mr phongkk', NULL, '3432423', '324234', NULL, NULL, '234', '<table style=\"border-spacing: 0px;margin-top: 10px;\">\n	<thead>\n		<tr style=\"background-color: #4CAF50;padding: 8px;\">\n			<th style=\"padding:6px 8px; color: white;\">Product</th>\n			<th style=\"padding:6px 8px; color: white;\">Price</th>\n			<th style=\"padding:6px 8px; color: white;\">Number</th>\n			<th style=\"padding:6px 8px; color: white;\">Sum</th>\n		</tr>\n	</thead>\n	<tbody>\n								<tr style=\"border:1px solid #FAFAFA;padding: 8px;\">\n			<td  style=\"padding:6px; border:1px solid #FAFAFA;\">Sản phẩm demo 02</td>\n			<td style=\"padding:6px; border:1px solid #FAFAFA;\">\n				600đ\n			</td>\n			<td style=\"padding:6px; border:1px solid #FAFAFA;\">\n				1\n			</td>\n			<td style=\"padding:6px; border:1px solid #FAFAFA;\">\n				600đ\n			</td>\n		</tr>\n						<tr style=\"border:1px solid #FAFAFA;padding: 8px;\">\n			<td  style=\"padding:6px; border:1px solid #FAFAFA;\">Sản phẩm demo 01</td>\n			<td style=\"padding:6px; border:1px solid #FAFAFA;\">\n				500đ\n			</td>\n			<td style=\"padding:6px; border:1px solid #FAFAFA;\">\n				2\n			</td>\n			<td style=\"padding:6px; border:1px solid #FAFAFA;\">\n				1.000đ\n			</td>\n		</tr>\n				<tr>\n			<td colspan=\"3\"  style=\"padding:6px; border:1px solid #FAFAFA;\">Fee ship:</td>\n			<td  style=\"padding:6px; border:1px solid #FAFAFA;\">\n				50.000đ\n			</td>\n		</tr><tr>\n			<td colspan=\"3\"  style=\"padding:6px; border:1px solid #FAFAFA;\">Tổng cộng:</td>\n			<td  style=\"padding:6px; border:1px solid #FAFAFA;\">\n								51.600đ\n			</td>\n		</tr>\n	</tbody>\n</table>\n', 0, 'order', '2022-03-27 16:47:10', '2022-03-27 16:47:10'),
(12, 'Mr Phong', NULL, '0915881120', 'Linh Đàm, Hoàng Liệt, Hà Nội', NULL, NULL, 'Giao hàng giờ hành chính', '<table style=\"border-spacing: 0px;margin-top: 10px;\">\n	<thead>\n		<tr style=\"background-color: #4CAF50;padding: 8px;\">\n			<th style=\"padding:6px 8px; color: white;\">Product</th>\n			<th style=\"padding:6px 8px; color: white;\">Price</th>\n			<th style=\"padding:6px 8px; color: white;\">Number</th>\n			<th style=\"padding:6px 8px; color: white;\">Sum</th>\n		</tr>\n	</thead>\n	<tbody>\n								<tr style=\"border:1px solid #FAFAFA;padding: 8px;\">\n			<td  style=\"padding:6px; border:1px solid #FAFAFA;\">Sản phẩm demo 02</td>\n			<td style=\"padding:6px; border:1px solid #FAFAFA;\">\n				600đ\n			</td>\n			<td style=\"padding:6px; border:1px solid #FAFAFA;\">\n				2\n			</td>\n			<td style=\"padding:6px; border:1px solid #FAFAFA;\">\n				1.200đ\n			</td>\n		</tr>\n						<tr style=\"border:1px solid #FAFAFA;padding: 8px;\">\n			<td  style=\"padding:6px; border:1px solid #FAFAFA;\">Sản phẩm demo 01</td>\n			<td style=\"padding:6px; border:1px solid #FAFAFA;\">\n				500đ\n			</td>\n			<td style=\"padding:6px; border:1px solid #FAFAFA;\">\n				1\n			</td>\n			<td style=\"padding:6px; border:1px solid #FAFAFA;\">\n				500đ\n			</td>\n		</tr>\n				<tr>\n			<td colspan=\"3\"  style=\"padding:6px; border:1px solid #FAFAFA;\">Fee ship:</td>\n			<td  style=\"padding:6px; border:1px solid #FAFAFA;\">\n				50.000đ\n			</td>\n		</tr><tr>\n			<td colspan=\"3\"  style=\"padding:6px; border:1px solid #FAFAFA;\">Tổng cộng:</td>\n			<td  style=\"padding:6px; border:1px solid #FAFAFA;\">\n								51.700đ\n			</td>\n		</tr>\n	</tbody>\n</table>\n', 0, 'order', '2022-03-27 17:38:37', '2022-03-27 17:38:37'),
(13, 'Mr Phong', NULL, '0915881120', 'Linh Đàm, Hoàng Liệt, Hà Nội', NULL, NULL, 'Giao hàng giờ hành chính', '<table style=\"border-spacing: 0px;margin-top: 10px;\">\n	<thead>\n		<tr style=\"background-color: #4CAF50;padding: 8px;\">\n			<th style=\"padding:6px 8px; color: white;\">Product</th>\n			<th style=\"padding:6px 8px; color: white;\">Price</th>\n			<th style=\"padding:6px 8px; color: white;\">Number</th>\n			<th style=\"padding:6px 8px; color: white;\">Sum</th>\n		</tr>\n	</thead>\n	<tbody>\n								<tr style=\"border:1px solid #FAFAFA;padding: 8px;\">\n			<td  style=\"padding:6px; border:1px solid #FAFAFA;\">Sản phẩm demo 02</td>\n			<td style=\"padding:6px; border:1px solid #FAFAFA;\">\n				600đ\n			</td>\n			<td style=\"padding:6px; border:1px solid #FAFAFA;\">\n				2\n			</td>\n			<td style=\"padding:6px; border:1px solid #FAFAFA;\">\n				1.200đ\n			</td>\n		</tr>\n						<tr style=\"border:1px solid #FAFAFA;padding: 8px;\">\n			<td  style=\"padding:6px; border:1px solid #FAFAFA;\">Sản phẩm demo 01</td>\n			<td style=\"padding:6px; border:1px solid #FAFAFA;\">\n				500đ\n			</td>\n			<td style=\"padding:6px; border:1px solid #FAFAFA;\">\n				1\n			</td>\n			<td style=\"padding:6px; border:1px solid #FAFAFA;\">\n				500đ\n			</td>\n		</tr>\n				<tr>\n			<td colspan=\"3\"  style=\"padding:6px; border:1px solid #FAFAFA;\">Fee ship:</td>\n			<td  style=\"padding:6px; border:1px solid #FAFAFA;\">\n				50.000đ\n			</td>\n		</tr><tr>\n			<td colspan=\"3\"  style=\"padding:6px; border:1px solid #FAFAFA;\">Tổng cộng:</td>\n			<td  style=\"padding:6px; border:1px solid #FAFAFA;\">\n								51.700đ\n			</td>\n		</tr>\n	</tbody>\n</table>\n', 0, 'order', '2022-03-27 17:38:54', '2022-03-27 17:38:54'),
(14, 'Mr Phong', NULL, '0915881120', 'Linh Đàm, Hoàng Liệt, Hà Nội', NULL, NULL, 'Giao hàng giờ hành chính', '<table style=\"border-spacing: 0px;margin-top: 10px;\">\n	<thead>\n		<tr style=\"background-color: #4CAF50;padding: 8px;\">\n			<th style=\"padding:6px 8px; color: white;\">Product</th>\n			<th style=\"padding:6px 8px; color: white;\">Price</th>\n			<th style=\"padding:6px 8px; color: white;\">Number</th>\n			<th style=\"padding:6px 8px; color: white;\">Sum</th>\n		</tr>\n	</thead>\n	<tbody>\n								<tr style=\"border:1px solid #FAFAFA;padding: 8px;\">\n			<td  style=\"padding:6px; border:1px solid #FAFAFA;\">Sản phẩm demo 02</td>\n			<td style=\"padding:6px; border:1px solid #FAFAFA;\">\n				600đ\n			</td>\n			<td style=\"padding:6px; border:1px solid #FAFAFA;\">\n				2\n			</td>\n			<td style=\"padding:6px; border:1px solid #FAFAFA;\">\n				1.200đ\n			</td>\n		</tr>\n						<tr style=\"border:1px solid #FAFAFA;padding: 8px;\">\n			<td  style=\"padding:6px; border:1px solid #FAFAFA;\">Sản phẩm demo 01</td>\n			<td style=\"padding:6px; border:1px solid #FAFAFA;\">\n				500đ\n			</td>\n			<td style=\"padding:6px; border:1px solid #FAFAFA;\">\n				1\n			</td>\n			<td style=\"padding:6px; border:1px solid #FAFAFA;\">\n				500đ\n			</td>\n		</tr>\n				<tr>\n			<td colspan=\"3\"  style=\"padding:6px; border:1px solid #FAFAFA;\">Fee ship:</td>\n			<td  style=\"padding:6px; border:1px solid #FAFAFA;\">\n				50.000đ\n			</td>\n		</tr><tr>\n			<td colspan=\"3\"  style=\"padding:6px; border:1px solid #FAFAFA;\">Tổng cộng:</td>\n			<td  style=\"padding:6px; border:1px solid #FAFAFA;\">\n								51.700đ\n			</td>\n		</tr>\n	</tbody>\n</table>\n', 0, 'order', '2022-03-27 17:42:45', '2022-03-27 17:42:45'),
(15, 'Mr phong', NULL, '34234', '324234', NULL, NULL, '234234', '<table style=\"border-spacing: 0px;margin-top: 10px;\">\n	<thead>\n		<tr style=\"background-color: #4CAF50;padding: 8px;\">\n			<th style=\"padding:6px 8px; color: white;\">Product</th>\n			<th style=\"padding:6px 8px; color: white;\">Price</th>\n			<th style=\"padding:6px 8px; color: white;\">Number</th>\n			<th style=\"padding:6px 8px; color: white;\">Sum</th>\n		</tr>\n	</thead>\n	<tbody>\n								<tr style=\"border:1px solid #FAFAFA;padding: 8px;\">\n			<td  style=\"padding:6px; border:1px solid #FAFAFA;\">Sản phẩm demo 02</td>\n			<td style=\"padding:6px; border:1px solid #FAFAFA;\">\n				600đ\n			</td>\n			<td style=\"padding:6px; border:1px solid #FAFAFA;\">\n				3\n			</td>\n			<td style=\"padding:6px; border:1px solid #FAFAFA;\">\n				1.800đ\n			</td>\n		</tr>\n						<tr style=\"border:1px solid #FAFAFA;padding: 8px;\">\n			<td  style=\"padding:6px; border:1px solid #FAFAFA;\">Sản phẩm demo 01</td>\n			<td style=\"padding:6px; border:1px solid #FAFAFA;\">\n				500đ\n			</td>\n			<td style=\"padding:6px; border:1px solid #FAFAFA;\">\n				3\n			</td>\n			<td style=\"padding:6px; border:1px solid #FAFAFA;\">\n				1.500đ\n			</td>\n		</tr>\n				<tr>\n			<td colspan=\"3\"  style=\"padding:6px; border:1px solid #FAFAFA;\">Fee ship:</td>\n			<td  style=\"padding:6px; border:1px solid #FAFAFA;\">\n				50.000đ\n			</td>\n		</tr><tr>\n			<td colspan=\"3\"  style=\"padding:6px; border:1px solid #FAFAFA;\">Tổng cộng:</td>\n			<td  style=\"padding:6px; border:1px solid #FAFAFA;\">\n								53.300đ\n			</td>\n		</tr>\n	</tbody>\n</table>\n', 0, 'order', '2022-03-27 17:46:07', '2022-03-27 17:46:07'),
(16, 'mr phong', NULL, '231313', '123123', NULL, NULL, '123123', '<table style=\"border-spacing: 0px;margin-top: 10px;\">\n	<thead>\n		<tr style=\"background-color: #4CAF50;padding: 8px;\">\n			<th style=\"padding:6px 8px; color: white;\">Product</th>\n			<th style=\"padding:6px 8px; color: white;\">Price</th>\n			<th style=\"padding:6px 8px; color: white;\">Number</th>\n			<th style=\"padding:6px 8px; color: white;\">Sum</th>\n		</tr>\n	</thead>\n	<tbody>\n								<tr style=\"border:1px solid #FAFAFA;padding: 8px;\">\n			<td  style=\"padding:6px; border:1px solid #FAFAFA;\">Sản phẩm demo 02</td>\n			<td style=\"padding:6px; border:1px solid #FAFAFA;\">\n				600đ\n			</td>\n			<td style=\"padding:6px; border:1px solid #FAFAFA;\">\n				1\n			</td>\n			<td style=\"padding:6px; border:1px solid #FAFAFA;\">\n				600đ\n			</td>\n		</tr>\n						<tr style=\"border:1px solid #FAFAFA;padding: 8px;\">\n			<td  style=\"padding:6px; border:1px solid #FAFAFA;\">Sản phẩm demo 01</td>\n			<td style=\"padding:6px; border:1px solid #FAFAFA;\">\n				500đ\n			</td>\n			<td style=\"padding:6px; border:1px solid #FAFAFA;\">\n				2\n			</td>\n			<td style=\"padding:6px; border:1px solid #FAFAFA;\">\n				1.000đ\n			</td>\n		</tr>\n				<tr>\n			<td colspan=\"3\"  style=\"padding:6px; border:1px solid #FAFAFA;\">Fee ship:</td>\n			<td  style=\"padding:6px; border:1px solid #FAFAFA;\">\n				50.000đ\n			</td>\n		</tr><tr>\n			<td colspan=\"3\"  style=\"padding:6px; border:1px solid #FAFAFA;\">Tổng cộng:</td>\n			<td  style=\"padding:6px; border:1px solid #FAFAFA;\">\n								51.600đ\n			</td>\n		</tr>\n	</tbody>\n</table>\n', 0, 'order', '2022-03-28 14:52:56', '2022-03-28 14:52:56'),
(17, 'mr pho', NULL, '32342', 'ha noi viet nam', NULL, NULL, 'note xxx', '<table style=\"border-spacing: 0px;margin-top: 10px;\">\n	<thead>\n		<tr style=\"background-color: #4CAF50;padding: 8px;\">\n			<th style=\"padding:6px 8px; color: white;\">Product</th>\n			<th style=\"padding:6px 8px; color: white;\">Price</th>\n			<th style=\"padding:6px 8px; color: white;\">Number</th>\n			<th style=\"padding:6px 8px; color: white;\">Sum</th>\n		</tr>\n	</thead>\n	<tbody>\n								<tr style=\"border:1px solid #FAFAFA;padding: 8px;\">\n			<td  style=\"padding:6px; border:1px solid #FAFAFA;\">Sản phẩm demo 02</td>\n			<td style=\"padding:6px; border:1px solid #FAFAFA;\">\n				600đ\n			</td>\n			<td style=\"padding:6px; border:1px solid #FAFAFA;\">\n				1\n			</td>\n			<td style=\"padding:6px; border:1px solid #FAFAFA;\">\n				600đ\n			</td>\n		</tr>\n						<tr style=\"border:1px solid #FAFAFA;padding: 8px;\">\n			<td  style=\"padding:6px; border:1px solid #FAFAFA;\">Sản phẩm demo 01</td>\n			<td style=\"padding:6px; border:1px solid #FAFAFA;\">\n				500đ\n			</td>\n			<td style=\"padding:6px; border:1px solid #FAFAFA;\">\n				1\n			</td>\n			<td style=\"padding:6px; border:1px solid #FAFAFA;\">\n				500đ\n			</td>\n		</tr>\n				<tr>\n			<td colspan=\"3\"  style=\"padding:6px; border:1px solid #FAFAFA;\">Fee ship:</td>\n			<td  style=\"padding:6px; border:1px solid #FAFAFA;\">\n				50.000đ\n			</td>\n		</tr><tr>\n			<td colspan=\"3\"  style=\"padding:6px; border:1px solid #FAFAFA;\">Tổng cộng:</td>\n			<td  style=\"padding:6px; border:1px solid #FAFAFA;\">\n								51.100đ\n			</td>\n		</tr>\n	</tbody>\n</table>\n', 0, 'order', '2022-03-28 14:56:00', '2022-03-28 14:56:00'),
(18, 'mr pho', NULL, '32342', 'ha noi viet nam', NULL, NULL, 'note xxx', '<table style=\"border-spacing: 0px;margin-top: 10px;\">\n	<thead>\n		<tr style=\"background-color: #4CAF50;padding: 8px;\">\n			<th style=\"padding:6px 8px; color: white;\">Product</th>\n			<th style=\"padding:6px 8px; color: white;\">Price</th>\n			<th style=\"padding:6px 8px; color: white;\">Number</th>\n			<th style=\"padding:6px 8px; color: white;\">Sum</th>\n		</tr>\n	</thead>\n	<tbody>\n								<tr style=\"border:1px solid #FAFAFA;padding: 8px;\">\n			<td  style=\"padding:6px; border:1px solid #FAFAFA;\">Sản phẩm demo 02</td>\n			<td style=\"padding:6px; border:1px solid #FAFAFA;\">\n				600đ\n			</td>\n			<td style=\"padding:6px; border:1px solid #FAFAFA;\">\n				1\n			</td>\n			<td style=\"padding:6px; border:1px solid #FAFAFA;\">\n				600đ\n			</td>\n		</tr>\n						<tr style=\"border:1px solid #FAFAFA;padding: 8px;\">\n			<td  style=\"padding:6px; border:1px solid #FAFAFA;\">Sản phẩm demo 01</td>\n			<td style=\"padding:6px; border:1px solid #FAFAFA;\">\n				500đ\n			</td>\n			<td style=\"padding:6px; border:1px solid #FAFAFA;\">\n				1\n			</td>\n			<td style=\"padding:6px; border:1px solid #FAFAFA;\">\n				500đ\n			</td>\n		</tr>\n				<tr>\n			<td colspan=\"3\"  style=\"padding:6px; border:1px solid #FAFAFA;\">Fee ship:</td>\n			<td  style=\"padding:6px; border:1px solid #FAFAFA;\">\n				50.000đ\n			</td>\n		</tr><tr>\n			<td colspan=\"3\"  style=\"padding:6px; border:1px solid #FAFAFA;\">Tổng cộng:</td>\n			<td  style=\"padding:6px; border:1px solid #FAFAFA;\">\n								51.100đ\n			</td>\n		</tr>\n	</tbody>\n</table>\n', 0, 'order', '2022-03-28 14:56:18', '2022-03-28 14:56:18'),
(19, 'mr pho', NULL, '34234', 'ha noi viet nam', NULL, NULL, 'noet xx', '<table style=\"border-spacing: 0px;margin-top: 10px;\">\n	<thead>\n		<tr style=\"background-color: #4CAF50;padding: 8px;\">\n			<th style=\"padding:6px 8px; color: white;\">Product</th>\n			<th style=\"padding:6px 8px; color: white;\">Price</th>\n			<th style=\"padding:6px 8px; color: white;\">Number</th>\n			<th style=\"padding:6px 8px; color: white;\">Sum</th>\n		</tr>\n	</thead>\n	<tbody>\n								<tr style=\"border:1px solid #FAFAFA;padding: 8px;\">\n			<td  style=\"padding:6px; border:1px solid #FAFAFA;\">Sản phẩm demo 02</td>\n			<td style=\"padding:6px; border:1px solid #FAFAFA;\">\n				600đ\n			</td>\n			<td style=\"padding:6px; border:1px solid #FAFAFA;\">\n				1\n			</td>\n			<td style=\"padding:6px; border:1px solid #FAFAFA;\">\n				600đ\n			</td>\n		</tr>\n						<tr style=\"border:1px solid #FAFAFA;padding: 8px;\">\n			<td  style=\"padding:6px; border:1px solid #FAFAFA;\">Sản phẩm demo 01</td>\n			<td style=\"padding:6px; border:1px solid #FAFAFA;\">\n				500đ\n			</td>\n			<td style=\"padding:6px; border:1px solid #FAFAFA;\">\n				1\n			</td>\n			<td style=\"padding:6px; border:1px solid #FAFAFA;\">\n				500đ\n			</td>\n		</tr>\n				<tr>\n			<td colspan=\"3\"  style=\"padding:6px; border:1px solid #FAFAFA;\">Fee ship:</td>\n			<td  style=\"padding:6px; border:1px solid #FAFAFA;\">\n				50.000đ\n			</td>\n		</tr><tr>\n			<td colspan=\"3\"  style=\"padding:6px; border:1px solid #FAFAFA;\">Tổng cộng:</td>\n			<td  style=\"padding:6px; border:1px solid #FAFAFA;\">\n								51.100đ\n			</td>\n		</tr>\n	</tbody>\n</table>\n', 0, 'order', '2022-03-28 14:56:57', '2022-03-28 14:56:57'),
(20, 'mr pho', NULL, '34234', 'ha noi viet nam', NULL, NULL, 'noet xx', '<table style=\"border-spacing: 0px;margin-top: 10px;\">\n	<thead>\n		<tr style=\"background-color: #4CAF50;padding: 8px;\">\n			<th style=\"padding:6px 8px; color: white;\">Product</th>\n			<th style=\"padding:6px 8px; color: white;\">Price</th>\n			<th style=\"padding:6px 8px; color: white;\">Number</th>\n			<th style=\"padding:6px 8px; color: white;\">Sum</th>\n		</tr>\n	</thead>\n	<tbody>\n								<tr style=\"border:1px solid #FAFAFA;padding: 8px;\">\n			<td  style=\"padding:6px; border:1px solid #FAFAFA;\">Sản phẩm demo 02</td>\n			<td style=\"padding:6px; border:1px solid #FAFAFA;\">\n				600đ\n			</td>\n			<td style=\"padding:6px; border:1px solid #FAFAFA;\">\n				1\n			</td>\n			<td style=\"padding:6px; border:1px solid #FAFAFA;\">\n				600đ\n			</td>\n		</tr>\n						<tr style=\"border:1px solid #FAFAFA;padding: 8px;\">\n			<td  style=\"padding:6px; border:1px solid #FAFAFA;\">Sản phẩm demo 01</td>\n			<td style=\"padding:6px; border:1px solid #FAFAFA;\">\n				500đ\n			</td>\n			<td style=\"padding:6px; border:1px solid #FAFAFA;\">\n				1\n			</td>\n			<td style=\"padding:6px; border:1px solid #FAFAFA;\">\n				500đ\n			</td>\n		</tr>\n				<tr>\n			<td colspan=\"3\"  style=\"padding:6px; border:1px solid #FAFAFA;\">Fee ship:</td>\n			<td  style=\"padding:6px; border:1px solid #FAFAFA;\">\n				50.000đ\n			</td>\n		</tr><tr>\n			<td colspan=\"3\"  style=\"padding:6px; border:1px solid #FAFAFA;\">Tổng cộng:</td>\n			<td  style=\"padding:6px; border:1px solid #FAFAFA;\">\n								51.100đ\n			</td>\n		</tr>\n	</tbody>\n</table>\n', 0, 'order', '2022-03-28 14:58:20', '2022-03-28 14:58:20'),
(21, 'mr pho', NULL, '34234', 'ha noi viet nam', NULL, NULL, 'noet xx', '<table style=\"border-spacing: 0px;margin-top: 10px;\">\n	<thead>\n		<tr style=\"background-color: #4CAF50;padding: 8px;\">\n			<th style=\"padding:6px 8px; color: white;\">Product</th>\n			<th style=\"padding:6px 8px; color: white;\">Price</th>\n			<th style=\"padding:6px 8px; color: white;\">Number</th>\n			<th style=\"padding:6px 8px; color: white;\">Sum</th>\n		</tr>\n	</thead>\n	<tbody>\n						<tr>\n			<td colspan=\"3\"  style=\"padding:6px; border:1px solid #FAFAFA;\">Fee ship:</td>\n			<td  style=\"padding:6px; border:1px solid #FAFAFA;\">\n				50.000đ\n			</td>\n		</tr><tr>\n			<td colspan=\"3\"  style=\"padding:6px; border:1px solid #FAFAFA;\">Tổng cộng:</td>\n			<td  style=\"padding:6px; border:1px solid #FAFAFA;\">\n								50.000đ\n			</td>\n		</tr>\n	</tbody>\n</table>\n', 0, 'order', '2022-03-28 14:58:51', '2022-03-28 14:58:51'),
(22, 'mr pho', NULL, '34234', 'ha noi viet nam', NULL, NULL, 'noet xx', '<table style=\"border-spacing: 0px;margin-top: 10px;\">\n	<thead>\n		<tr style=\"background-color: #4CAF50;padding: 8px;\">\n			<th style=\"padding:6px 8px; color: white;\">Product</th>\n			<th style=\"padding:6px 8px; color: white;\">Price</th>\n			<th style=\"padding:6px 8px; color: white;\">Number</th>\n			<th style=\"padding:6px 8px; color: white;\">Sum</th>\n		</tr>\n	</thead>\n	<tbody>\n						<tr>\n			<td colspan=\"3\"  style=\"padding:6px; border:1px solid #FAFAFA;\">Fee ship:</td>\n			<td  style=\"padding:6px; border:1px solid #FAFAFA;\">\n				50.000đ\n			</td>\n		</tr><tr>\n			<td colspan=\"3\"  style=\"padding:6px; border:1px solid #FAFAFA;\">Tổng cộng:</td>\n			<td  style=\"padding:6px; border:1px solid #FAFAFA;\">\n								50.000đ\n			</td>\n		</tr>\n	</tbody>\n</table>\n', 0, 'order', '2022-03-28 14:59:13', '2022-03-28 14:59:13'),
(23, 'mr pho', NULL, '34234', 'ha noi viet nam', NULL, NULL, 'noet xx', '<table style=\"border-spacing: 0px;margin-top: 10px;\">\n	<thead>\n		<tr style=\"background-color: #4CAF50;padding: 8px;\">\n			<th style=\"padding:6px 8px; color: white;\">Product</th>\n			<th style=\"padding:6px 8px; color: white;\">Price</th>\n			<th style=\"padding:6px 8px; color: white;\">Number</th>\n			<th style=\"padding:6px 8px; color: white;\">Sum</th>\n		</tr>\n	</thead>\n	<tbody>\n						<tr>\n			<td colspan=\"3\"  style=\"padding:6px; border:1px solid #FAFAFA;\">Fee ship:</td>\n			<td  style=\"padding:6px; border:1px solid #FAFAFA;\">\n				50.000đ\n			</td>\n		</tr><tr>\n			<td colspan=\"3\"  style=\"padding:6px; border:1px solid #FAFAFA;\">Tổng cộng:</td>\n			<td  style=\"padding:6px; border:1px solid #FAFAFA;\">\n								50.000đ\n			</td>\n		</tr>\n	</tbody>\n</table>\n', 0, 'order', '2022-03-28 15:00:10', '2022-03-28 15:00:10'),
(24, 'mr pho', NULL, '3242342', 'ha noi viet nam', NULL, NULL, 'note xxxxxx', '<table style=\"border-spacing: 0px;margin-top: 10px;\">\n	<thead>\n		<tr style=\"background-color: #4CAF50;padding: 8px;\">\n			<th style=\"padding:6px 8px; color: white;\">Product</th>\n			<th style=\"padding:6px 8px; color: white;\">Price</th>\n			<th style=\"padding:6px 8px; color: white;\">Number</th>\n			<th style=\"padding:6px 8px; color: white;\">Sum</th>\n		</tr>\n	</thead>\n	<tbody>\n								<tr style=\"border:1px solid #FAFAFA;padding: 8px;\">\n			<td  style=\"padding:6px; border:1px solid #FAFAFA;\">Sản phẩm demo 02</td>\n			<td style=\"padding:6px; border:1px solid #FAFAFA;\">\n				600đ\n			</td>\n			<td style=\"padding:6px; border:1px solid #FAFAFA;\">\n				1\n			</td>\n			<td style=\"padding:6px; border:1px solid #FAFAFA;\">\n				600đ\n			</td>\n		</tr>\n						<tr style=\"border:1px solid #FAFAFA;padding: 8px;\">\n			<td  style=\"padding:6px; border:1px solid #FAFAFA;\">Sản phẩm demo 01</td>\n			<td style=\"padding:6px; border:1px solid #FAFAFA;\">\n				500đ\n			</td>\n			<td style=\"padding:6px; border:1px solid #FAFAFA;\">\n				1\n			</td>\n			<td style=\"padding:6px; border:1px solid #FAFAFA;\">\n				500đ\n			</td>\n		</tr>\n				<tr>\n			<td colspan=\"3\"  style=\"padding:6px; border:1px solid #FAFAFA;\">Fee ship:</td>\n			<td  style=\"padding:6px; border:1px solid #FAFAFA;\">\n				50.000đ\n			</td>\n		</tr><tr>\n			<td colspan=\"3\"  style=\"padding:6px; border:1px solid #FAFAFA;\">Tổng cộng:</td>\n			<td  style=\"padding:6px; border:1px solid #FAFAFA;\">\n								51.100đ\n			</td>\n		</tr>\n	</tbody>\n</table>\n', 0, 'order', '2022-03-28 15:03:12', '2022-03-28 15:03:12'),
(25, 'mr kk', NULL, '213123', 'ha noi', NULL, NULL, 'noxxx', '<table style=\"border-spacing: 0px;margin-top: 10px;\">\n	<thead>\n		<tr style=\"background-color: #4CAF50;padding: 8px;\">\n			<th style=\"padding:6px 8px; color: white;\">Product</th>\n			<th style=\"padding:6px 8px; color: white;\">Price</th>\n			<th style=\"padding:6px 8px; color: white;\">Number</th>\n			<th style=\"padding:6px 8px; color: white;\">Sum</th>\n		</tr>\n	</thead>\n	<tbody>\n								<tr style=\"border:1px solid #FAFAFA;padding: 8px;\">\n			<td  style=\"padding:6px; border:1px solid #FAFAFA;\">Sản phẩm demo 02</td>\n			<td style=\"padding:6px; border:1px solid #FAFAFA;\">\n				600đ\n			</td>\n			<td style=\"padding:6px; border:1px solid #FAFAFA;\">\n				1\n			</td>\n			<td style=\"padding:6px; border:1px solid #FAFAFA;\">\n				600đ\n			</td>\n		</tr>\n						<tr style=\"border:1px solid #FAFAFA;padding: 8px;\">\n			<td  style=\"padding:6px; border:1px solid #FAFAFA;\">Sản phẩm demo 01</td>\n			<td style=\"padding:6px; border:1px solid #FAFAFA;\">\n				500đ\n			</td>\n			<td style=\"padding:6px; border:1px solid #FAFAFA;\">\n				1\n			</td>\n			<td style=\"padding:6px; border:1px solid #FAFAFA;\">\n				500đ\n			</td>\n		</tr>\n				<tr>\n			<td colspan=\"3\"  style=\"padding:6px; border:1px solid #FAFAFA;\">Fee ship:</td>\n			<td  style=\"padding:6px; border:1px solid #FAFAFA;\">\n				50.000đ\n			</td>\n		</tr><tr>\n			<td colspan=\"3\"  style=\"padding:6px; border:1px solid #FAFAFA;\">Tổng cộng:</td>\n			<td  style=\"padding:6px; border:1px solid #FAFAFA;\">\n								51.100đ\n			</td>\n		</tr>\n	</tbody>\n</table>\n', 0, 'order', '2022-03-28 15:11:43', '2022-03-28 15:11:43'),
(26, 'sdf', NULL, '34234', '324234', NULL, NULL, '234', '<table style=\"border-spacing: 0px;margin-top: 10px;\">\n	<thead>\n		<tr style=\"background-color: #4CAF50;padding: 8px;\">\n			<th style=\"padding:6px 8px; color: white;\">Product</th>\n			<th style=\"padding:6px 8px; color: white;\">Price</th>\n			<th style=\"padding:6px 8px; color: white;\">Number</th>\n			<th style=\"padding:6px 8px; color: white;\">Sum</th>\n		</tr>\n	</thead>\n	<tbody>\n								<tr style=\"border:1px solid #FAFAFA;padding: 8px;\">\n			<td  style=\"padding:6px; border:1px solid #FAFAFA;\">Sản phẩm demo 02</td>\n			<td style=\"padding:6px; border:1px solid #FAFAFA;\">\n				600đ\n			</td>\n			<td style=\"padding:6px; border:1px solid #FAFAFA;\">\n				1\n			</td>\n			<td style=\"padding:6px; border:1px solid #FAFAFA;\">\n				600đ\n			</td>\n		</tr>\n						<tr style=\"border:1px solid #FAFAFA;padding: 8px;\">\n			<td  style=\"padding:6px; border:1px solid #FAFAFA;\">Sản phẩm demo 01</td>\n			<td style=\"padding:6px; border:1px solid #FAFAFA;\">\n				500đ\n			</td>\n			<td style=\"padding:6px; border:1px solid #FAFAFA;\">\n				1\n			</td>\n			<td style=\"padding:6px; border:1px solid #FAFAFA;\">\n				500đ\n			</td>\n		</tr>\n				<tr>\n			<td colspan=\"3\"  style=\"padding:6px; border:1px solid #FAFAFA;\">Fee ship:</td>\n			<td  style=\"padding:6px; border:1px solid #FAFAFA;\">\n				50.000đ\n			</td>\n		</tr><tr>\n			<td colspan=\"3\"  style=\"padding:6px; border:1px solid #FAFAFA;\">Tổng cộng:</td>\n			<td  style=\"padding:6px; border:1px solid #FAFAFA;\">\n								51.100đ\n			</td>\n		</tr>\n	</tbody>\n</table>\n', 0, 'order', '2022-03-28 15:13:17', '2022-03-28 15:13:17'),
(27, 'mr tst', NULL, '2342', 'hanoi', NULL, NULL, 'noo', '<table style=\"border-spacing: 0px;margin-top: 10px;\">\n	<thead>\n		<tr style=\"background-color: #4CAF50;padding: 8px;\">\n			<th style=\"padding:6px 8px; color: white;\">Product</th>\n			<th style=\"padding:6px 8px; color: white;\">Price</th>\n			<th style=\"padding:6px 8px; color: white;\">Number</th>\n			<th style=\"padding:6px 8px; color: white;\">Sum</th>\n		</tr>\n	</thead>\n	<tbody>\n								<tr style=\"border:1px solid #FAFAFA;padding: 8px;\">\n			<td  style=\"padding:6px; border:1px solid #FAFAFA;\">Sản phẩm demo 02</td>\n			<td style=\"padding:6px; border:1px solid #FAFAFA;\">\n				600đ\n			</td>\n			<td style=\"padding:6px; border:1px solid #FAFAFA;\">\n				2\n			</td>\n			<td style=\"padding:6px; border:1px solid #FAFAFA;\">\n				1.200đ\n			</td>\n		</tr>\n						<tr style=\"border:1px solid #FAFAFA;padding: 8px;\">\n			<td  style=\"padding:6px; border:1px solid #FAFAFA;\">Sản phẩm demo 01</td>\n			<td style=\"padding:6px; border:1px solid #FAFAFA;\">\n				500đ\n			</td>\n			<td style=\"padding:6px; border:1px solid #FAFAFA;\">\n				1\n			</td>\n			<td style=\"padding:6px; border:1px solid #FAFAFA;\">\n				500đ\n			</td>\n		</tr>\n				<tr>\n			<td colspan=\"3\"  style=\"padding:6px; border:1px solid #FAFAFA;\">Fee ship:</td>\n			<td  style=\"padding:6px; border:1px solid #FAFAFA;\">\n				50.000đ\n			</td>\n		</tr><tr>\n			<td colspan=\"3\"  style=\"padding:6px; border:1px solid #FAFAFA;\">Tổng cộng:</td>\n			<td  style=\"padding:6px; border:1px solid #FAFAFA;\">\n								51.700đ\n			</td>\n		</tr>\n	</tbody>\n</table>\n', 0, 'order', '2022-03-28 15:15:15', '2022-03-28 15:15:15'),
(28, 'mr phongkk', NULL, '4234', 'hanoi vietnam', NULL, NULL, 'ưerwer', '<table style=\"border-spacing: 0px;margin-top: 10px;\">\n	<thead>\n		<tr style=\"background-color: #4CAF50;padding: 8px;\">\n			<th style=\"padding:6px 8px; color: white;\">Product</th>\n			<th style=\"padding:6px 8px; color: white;\">Price</th>\n			<th style=\"padding:6px 8px; color: white;\">Number</th>\n			<th style=\"padding:6px 8px; color: white;\">Sum</th>\n		</tr>\n	</thead>\n	<tbody>\n								<tr style=\"border:1px solid #FAFAFA;padding: 8px;\">\n			<td  style=\"padding:6px; border:1px solid #FAFAFA;\">Sản phẩm demo 02</td>\n			<td style=\"padding:6px; border:1px solid #FAFAFA;\">\n				600đ\n			</td>\n			<td style=\"padding:6px; border:1px solid #FAFAFA;\">\n				1\n			</td>\n			<td style=\"padding:6px; border:1px solid #FAFAFA;\">\n				600đ\n			</td>\n		</tr>\n						<tr style=\"border:1px solid #FAFAFA;padding: 8px;\">\n			<td  style=\"padding:6px; border:1px solid #FAFAFA;\">Sản phẩm demo 01</td>\n			<td style=\"padding:6px; border:1px solid #FAFAFA;\">\n				500đ\n			</td>\n			<td style=\"padding:6px; border:1px solid #FAFAFA;\">\n				1\n			</td>\n			<td style=\"padding:6px; border:1px solid #FAFAFA;\">\n				500đ\n			</td>\n		</tr>\n				<tr>\n			<td colspan=\"3\"  style=\"padding:6px; border:1px solid #FAFAFA;\">Fee ship:</td>\n			<td  style=\"padding:6px; border:1px solid #FAFAFA;\">\n				50.000đ\n			</td>\n		</tr><tr>\n			<td colspan=\"3\"  style=\"padding:6px; border:1px solid #FAFAFA;\">Tổng cộng:</td>\n			<td  style=\"padding:6px; border:1px solid #FAFAFA;\">\n								51.100đ\n			</td>\n		</tr>\n	</tbody>\n</table>\n', 0, 'order', '2022-03-28 15:22:41', '2022-03-28 15:22:41'),
(29, 'mr tess', NULL, '3424', '234324', NULL, NULL, '234', '<table style=\"border-spacing: 0px;margin-top: 10px;\">\n	<thead>\n		<tr style=\"background-color: #4CAF50;padding: 8px;\">\n			<th style=\"padding:6px 8px; color: white;\">Product</th>\n			<th style=\"padding:6px 8px; color: white;\">Price</th>\n			<th style=\"padding:6px 8px; color: white;\">Number</th>\n			<th style=\"padding:6px 8px; color: white;\">Sum</th>\n		</tr>\n	</thead>\n	<tbody>\n								<tr style=\"border:1px solid #FAFAFA;padding: 8px;\">\n			<td  style=\"padding:6px; border:1px solid #FAFAFA;\">Sản phẩm demo 02</td>\n			<td style=\"padding:6px; border:1px solid #FAFAFA;\">\n				600đ\n			</td>\n			<td style=\"padding:6px; border:1px solid #FAFAFA;\">\n				1\n			</td>\n			<td style=\"padding:6px; border:1px solid #FAFAFA;\">\n				600đ\n			</td>\n		</tr>\n						<tr style=\"border:1px solid #FAFAFA;padding: 8px;\">\n			<td  style=\"padding:6px; border:1px solid #FAFAFA;\">Sản phẩm demo 01</td>\n			<td style=\"padding:6px; border:1px solid #FAFAFA;\">\n				500đ\n			</td>\n			<td style=\"padding:6px; border:1px solid #FAFAFA;\">\n				1\n			</td>\n			<td style=\"padding:6px; border:1px solid #FAFAFA;\">\n				500đ\n			</td>\n		</tr>\n				<tr>\n			<td colspan=\"3\"  style=\"padding:6px; border:1px solid #FAFAFA;\">Fee ship:</td>\n			<td  style=\"padding:6px; border:1px solid #FAFAFA;\">\n				50.000đ\n			</td>\n		</tr><tr>\n			<td colspan=\"3\"  style=\"padding:6px; border:1px solid #FAFAFA;\">Tổng cộng:</td>\n			<td  style=\"padding:6px; border:1px solid #FAFAFA;\">\n								51.100đ\n			</td>\n		</tr>\n	</tbody>\n</table>\n', 0, 'order', '2022-03-28 15:33:14', '2022-03-28 15:33:14'),
(30, 'mr tess', NULL, '3432423', '23234', NULL, NULL, '2342', '<table style=\"border-spacing: 0px;margin-top: 10px;\">\n	<thead>\n		<tr style=\"background-color: #4CAF50;padding: 8px;\">\n			<th style=\"padding:6px 8px; color: white;\">Product</th>\n			<th style=\"padding:6px 8px; color: white;\">Price</th>\n			<th style=\"padding:6px 8px; color: white;\">Number</th>\n			<th style=\"padding:6px 8px; color: white;\">Sum</th>\n		</tr>\n	</thead>\n	<tbody>\n								<tr style=\"border:1px solid #FAFAFA;padding: 8px;\">\n			<td  style=\"padding:6px; border:1px solid #FAFAFA;\">Sản phẩm demo 02</td>\n			<td style=\"padding:6px; border:1px solid #FAFAFA;\">\n				600đ\n			</td>\n			<td style=\"padding:6px; border:1px solid #FAFAFA;\">\n				1\n			</td>\n			<td style=\"padding:6px; border:1px solid #FAFAFA;\">\n				600đ\n			</td>\n		</tr>\n						<tr style=\"border:1px solid #FAFAFA;padding: 8px;\">\n			<td  style=\"padding:6px; border:1px solid #FAFAFA;\">Sản phẩm demo 01</td>\n			<td style=\"padding:6px; border:1px solid #FAFAFA;\">\n				500đ\n			</td>\n			<td style=\"padding:6px; border:1px solid #FAFAFA;\">\n				1\n			</td>\n			<td style=\"padding:6px; border:1px solid #FAFAFA;\">\n				500đ\n			</td>\n		</tr>\n				<tr>\n			<td colspan=\"3\"  style=\"padding:6px; border:1px solid #FAFAFA;\">Fee ship:</td>\n			<td  style=\"padding:6px; border:1px solid #FAFAFA;\">\n				50.000đ\n			</td>\n		</tr><tr>\n			<td colspan=\"3\"  style=\"padding:6px; border:1px solid #FAFAFA;\">Tổng cộng:</td>\n			<td  style=\"padding:6px; border:1px solid #FAFAFA;\">\n								51.100đ\n			</td>\n		</tr>\n	</tbody>\n</table>\n', 0, 'order', '2022-03-28 15:34:20', '2022-03-28 15:34:20'),
(31, 'nr sdfsd', NULL, '34234', 'hanoi', NULL, NULL, 'xxxx', '<table style=\"border-spacing: 0px;margin-top: 10px;\">\n	<thead>\n		<tr style=\"background-color: #4CAF50;padding: 8px;\">\n			<th style=\"padding:6px 8px; color: white;\">Product</th>\n			<th style=\"padding:6px 8px; color: white;\">Price</th>\n			<th style=\"padding:6px 8px; color: white;\">Number</th>\n			<th style=\"padding:6px 8px; color: white;\">Sum</th>\n		</tr>\n	</thead>\n	<tbody>\n								<tr style=\"border:1px solid #FAFAFA;padding: 8px;\">\n			<td  style=\"padding:6px; border:1px solid #FAFAFA;\">Sản phẩm demo 02</td>\n			<td style=\"padding:6px; border:1px solid #FAFAFA;\">\n				600đ\n			</td>\n			<td style=\"padding:6px; border:1px solid #FAFAFA;\">\n				1\n			</td>\n			<td style=\"padding:6px; border:1px solid #FAFAFA;\">\n				600đ\n			</td>\n		</tr>\n						<tr style=\"border:1px solid #FAFAFA;padding: 8px;\">\n			<td  style=\"padding:6px; border:1px solid #FAFAFA;\">Sản phẩm demo 01</td>\n			<td style=\"padding:6px; border:1px solid #FAFAFA;\">\n				500đ\n			</td>\n			<td style=\"padding:6px; border:1px solid #FAFAFA;\">\n				1\n			</td>\n			<td style=\"padding:6px; border:1px solid #FAFAFA;\">\n				500đ\n			</td>\n		</tr>\n				<tr>\n			<td colspan=\"3\"  style=\"padding:6px; border:1px solid #FAFAFA;\">Fee ship:</td>\n			<td  style=\"padding:6px; border:1px solid #FAFAFA;\">\n				50.000đ\n			</td>\n		</tr><tr>\n			<td colspan=\"3\"  style=\"padding:6px; border:1px solid #FAFAFA;\">Tổng cộng:</td>\n			<td  style=\"padding:6px; border:1px solid #FAFAFA;\">\n								51.100đ\n			</td>\n		</tr>\n	</tbody>\n</table>\n', 0, 'order', '2022-03-28 15:35:54', '2022-03-28 15:35:54'),
(32, 'mrxxx', NULL, '34324', 'hanoi', NULL, NULL, '234234', '<table style=\"border-spacing: 0px;margin-top: 10px;\">\n	<thead>\n		<tr style=\"background-color: #4CAF50;padding: 8px;\">\n			<th style=\"padding:6px 8px; color: white;\">Product</th>\n			<th style=\"padding:6px 8px; color: white;\">Price</th>\n			<th style=\"padding:6px 8px; color: white;\">Number</th>\n			<th style=\"padding:6px 8px; color: white;\">Sum</th>\n		</tr>\n	</thead>\n	<tbody>\n								<tr style=\"border:1px solid #FAFAFA;padding: 8px;\">\n			<td  style=\"padding:6px; border:1px solid #FAFAFA;\">Sản phẩm demo 02</td>\n			<td style=\"padding:6px; border:1px solid #FAFAFA;\">\n				600đ\n			</td>\n			<td style=\"padding:6px; border:1px solid #FAFAFA;\">\n				1\n			</td>\n			<td style=\"padding:6px; border:1px solid #FAFAFA;\">\n				600đ\n			</td>\n		</tr>\n						<tr style=\"border:1px solid #FAFAFA;padding: 8px;\">\n			<td  style=\"padding:6px; border:1px solid #FAFAFA;\">Sản phẩm demo 01</td>\n			<td style=\"padding:6px; border:1px solid #FAFAFA;\">\n				500đ\n			</td>\n			<td style=\"padding:6px; border:1px solid #FAFAFA;\">\n				2\n			</td>\n			<td style=\"padding:6px; border:1px solid #FAFAFA;\">\n				1.000đ\n			</td>\n		</tr>\n				<tr>\n			<td colspan=\"3\"  style=\"padding:6px; border:1px solid #FAFAFA;\">Fee ship:</td>\n			<td  style=\"padding:6px; border:1px solid #FAFAFA;\">\n				50.000đ\n			</td>\n		</tr><tr>\n			<td colspan=\"3\"  style=\"padding:6px; border:1px solid #FAFAFA;\">Tổng cộng:</td>\n			<td  style=\"padding:6px; border:1px solid #FAFAFA;\">\n								51.600đ\n			</td>\n		</tr>\n	</tbody>\n</table>\n', -1, 'order', '2022-03-28 15:36:46', '2022-03-28 15:37:34'),
(33, 'mr huy', NULL, '3432423', 'huy don hang', NULL, NULL, 'huy don hang', '<table style=\"border-spacing: 0px;margin-top: 10px;\">\n	<thead>\n		<tr style=\"background-color: #4CAF50;padding: 8px;\">\n			<th style=\"padding:6px 8px; color: white;\">Product</th>\n			<th style=\"padding:6px 8px; color: white;\">Price</th>\n			<th style=\"padding:6px 8px; color: white;\">Number</th>\n			<th style=\"padding:6px 8px; color: white;\">Sum</th>\n		</tr>\n	</thead>\n	<tbody>\n								<tr style=\"border:1px solid #FAFAFA;padding: 8px;\">\n			<td  style=\"padding:6px; border:1px solid #FAFAFA;\">Sản phẩm demo 02</td>\n			<td style=\"padding:6px; border:1px solid #FAFAFA;\">\n				600đ\n			</td>\n			<td style=\"padding:6px; border:1px solid #FAFAFA;\">\n				1\n			</td>\n			<td style=\"padding:6px; border:1px solid #FAFAFA;\">\n				600đ\n			</td>\n		</tr>\n						<tr style=\"border:1px solid #FAFAFA;padding: 8px;\">\n			<td  style=\"padding:6px; border:1px solid #FAFAFA;\">Sản phẩm demo 01</td>\n			<td style=\"padding:6px; border:1px solid #FAFAFA;\">\n				500đ\n			</td>\n			<td style=\"padding:6px; border:1px solid #FAFAFA;\">\n				2\n			</td>\n			<td style=\"padding:6px; border:1px solid #FAFAFA;\">\n				1.000đ\n			</td>\n		</tr>\n				<tr>\n			<td colspan=\"3\"  style=\"padding:6px; border:1px solid #FAFAFA;\">Fee ship:</td>\n			<td  style=\"padding:6px; border:1px solid #FAFAFA;\">\n				50.000đ\n			</td>\n		</tr><tr>\n			<td colspan=\"3\"  style=\"padding:6px; border:1px solid #FAFAFA;\">Tổng cộng:</td>\n			<td  style=\"padding:6px; border:1px solid #FAFAFA;\">\n								51.600đ\n			</td>\n		</tr>\n	</tbody>\n</table>\n', -1, 'order', '2022-03-28 15:41:37', '2022-03-28 15:41:49'),
(34, 'huy odn', NULL, '324234', '324', NULL, NULL, '234', '<table style=\"border-spacing: 0px;margin-top: 10px;\">\n	<thead>\n		<tr style=\"background-color: #4CAF50;padding: 8px;\">\n			<th style=\"padding:6px 8px; color: white;\">Product</th>\n			<th style=\"padding:6px 8px; color: white;\">Price</th>\n			<th style=\"padding:6px 8px; color: white;\">Number</th>\n			<th style=\"padding:6px 8px; color: white;\">Sum</th>\n		</tr>\n	</thead>\n	<tbody>\n								<tr style=\"border:1px solid #FAFAFA;padding: 8px;\">\n			<td  style=\"padding:6px; border:1px solid #FAFAFA;\">Sản phẩm demo 02</td>\n			<td style=\"padding:6px; border:1px solid #FAFAFA;\">\n				600đ\n			</td>\n			<td style=\"padding:6px; border:1px solid #FAFAFA;\">\n				2\n			</td>\n			<td style=\"padding:6px; border:1px solid #FAFAFA;\">\n				1.200đ\n			</td>\n		</tr>\n						<tr style=\"border:1px solid #FAFAFA;padding: 8px;\">\n			<td  style=\"padding:6px; border:1px solid #FAFAFA;\">Sản phẩm demo 01</td>\n			<td style=\"padding:6px; border:1px solid #FAFAFA;\">\n				500đ\n			</td>\n			<td style=\"padding:6px; border:1px solid #FAFAFA;\">\n				2\n			</td>\n			<td style=\"padding:6px; border:1px solid #FAFAFA;\">\n				1.000đ\n			</td>\n		</tr>\n				<tr>\n			<td colspan=\"3\"  style=\"padding:6px; border:1px solid #FAFAFA;\">Fee ship:</td>\n			<td  style=\"padding:6px; border:1px solid #FAFAFA;\">\n				50.000đ\n			</td>\n		</tr><tr>\n			<td colspan=\"3\"  style=\"padding:6px; border:1px solid #FAFAFA;\">Tổng cộng:</td>\n			<td  style=\"padding:6px; border:1px solid #FAFAFA;\">\n								52.200đ\n			</td>\n		</tr>\n	</tbody>\n</table>\n', -1, 'order', '2022-03-28 15:42:54', '2022-03-28 15:43:04'),
(35, 'mr phong', NULL, '242423', 'hanoi', NULL, NULL, 'noxxx', '<table style=\"border-spacing: 0px;margin-top: 10px;\">\n	<thead>\n		<tr style=\"background-color: #4CAF50;padding: 8px;\">\n			<th style=\"padding:6px 8px; color: white;\">Product</th>\n			<th style=\"padding:6px 8px; color: white;\">Price</th>\n			<th style=\"padding:6px 8px; color: white;\">Number</th>\n			<th style=\"padding:6px 8px; color: white;\">Sum</th>\n		</tr>\n	</thead>\n	<tbody>\n								<tr style=\"border:1px solid #FAFAFA;padding: 8px;\">\n			<td  style=\"padding:6px; border:1px solid #FAFAFA;\">Sản phẩm demo 02</td>\n			<td style=\"padding:6px; border:1px solid #FAFAFA;\">\n				600đ\n			</td>\n			<td style=\"padding:6px; border:1px solid #FAFAFA;\">\n				1\n			</td>\n			<td style=\"padding:6px; border:1px solid #FAFAFA;\">\n				600đ\n			</td>\n		</tr>\n						<tr style=\"border:1px solid #FAFAFA;padding: 8px;\">\n			<td  style=\"padding:6px; border:1px solid #FAFAFA;\">Sản phẩm demo 01</td>\n			<td style=\"padding:6px; border:1px solid #FAFAFA;\">\n				500đ\n			</td>\n			<td style=\"padding:6px; border:1px solid #FAFAFA;\">\n				1\n			</td>\n			<td style=\"padding:6px; border:1px solid #FAFAFA;\">\n				500đ\n			</td>\n		</tr>\n				<tr>\n			<td colspan=\"3\"  style=\"padding:6px; border:1px solid #FAFAFA;\">Fee ship:</td>\n			<td  style=\"padding:6px; border:1px solid #FAFAFA;\">\n				50.000đ\n			</td>\n		</tr><tr>\n			<td colspan=\"3\"  style=\"padding:6px; border:1px solid #FAFAFA;\">Tổng cộng:</td>\n			<td  style=\"padding:6px; border:1px solid #FAFAFA;\">\n								51.100đ\n			</td>\n		</tr>\n	</tbody>\n</table>\n', -1, 'order', '2022-03-28 15:47:55', '2022-03-28 15:49:20'),
(36, 'Nguyen Hue', NULL, '0915881120', 'Ha Noi', NULL, NULL, NULL, '<table style=\"border-spacing: 0px;margin-top: 10px;\">\n	<thead>\n		<tr style=\"background-color: #4CAF50;padding: 8px;\">\n			<th style=\"padding:6px 8px; color: white;\">Product</th>\n			<th style=\"padding:6px 8px; color: white;\">Price</th>\n			<th style=\"padding:6px 8px; color: white;\">Number</th>\n			<th style=\"padding:6px 8px; color: white;\">Sum</th>\n		</tr>\n	</thead>\n	<tbody>\n								<tr style=\"border:1px solid #FAFAFA;padding: 8px;\">\n			<td  style=\"padding:6px; border:1px solid #FAFAFA;\">Sản phẩm demo 02</td>\n			<td style=\"padding:6px; border:1px solid #FAFAFA;\">\n				600đ\n			</td>\n			<td style=\"padding:6px; border:1px solid #FAFAFA;\">\n				2\n			</td>\n			<td style=\"padding:6px; border:1px solid #FAFAFA;\">\n				1.200đ\n			</td>\n		</tr>\n						<tr style=\"border:1px solid #FAFAFA;padding: 8px;\">\n			<td  style=\"padding:6px; border:1px solid #FAFAFA;\">Sản phẩm demo 01</td>\n			<td style=\"padding:6px; border:1px solid #FAFAFA;\">\n				500đ\n			</td>\n			<td style=\"padding:6px; border:1px solid #FAFAFA;\">\n				2\n			</td>\n			<td style=\"padding:6px; border:1px solid #FAFAFA;\">\n				1.000đ\n			</td>\n		</tr>\n				<tr>\n			<td colspan=\"3\"  style=\"padding:6px; border:1px solid #FAFAFA;\">Fee ship:</td>\n			<td  style=\"padding:6px; border:1px solid #FAFAFA;\">\n				50.000đ\n			</td>\n		</tr><tr>\n			<td colspan=\"3\"  style=\"padding:6px; border:1px solid #FAFAFA;\">Tổng cộng:</td>\n			<td  style=\"padding:6px; border:1px solid #FAFAFA;\">\n								52.200đ\n			</td>\n		</tr>\n	</tbody>\n</table>\n', 0, 'order', '2022-03-28 15:50:24', '2022-03-28 15:50:24'),
(37, 'Nguyen Hue', NULL, '000915881120', 'Ha Noi', NULL, NULL, 'noxxx', '<table style=\"border-spacing: 0px;margin-top: 10px;\">\n	<thead>\n		<tr style=\"background-color: #4CAF50;padding: 8px;\">\n			<th style=\"padding:6px 8px; color: white;\">Product</th>\n			<th style=\"padding:6px 8px; color: white;\">Price</th>\n			<th style=\"padding:6px 8px; color: white;\">Number</th>\n			<th style=\"padding:6px 8px; color: white;\">Sum</th>\n		</tr>\n	</thead>\n	<tbody>\n								<tr style=\"border:1px solid #FAFAFA;padding: 8px;\">\n			<td  style=\"padding:6px; border:1px solid #FAFAFA;\">Sản phẩm demo 02</td>\n			<td style=\"padding:6px; border:1px solid #FAFAFA;\">\n				600đ\n			</td>\n			<td style=\"padding:6px; border:1px solid #FAFAFA;\">\n				1\n			</td>\n			<td style=\"padding:6px; border:1px solid #FAFAFA;\">\n				600đ\n			</td>\n		</tr>\n						<tr style=\"border:1px solid #FAFAFA;padding: 8px;\">\n			<td  style=\"padding:6px; border:1px solid #FAFAFA;\">Sản phẩm demo 01</td>\n			<td style=\"padding:6px; border:1px solid #FAFAFA;\">\n				500đ\n			</td>\n			<td style=\"padding:6px; border:1px solid #FAFAFA;\">\n				1\n			</td>\n			<td style=\"padding:6px; border:1px solid #FAFAFA;\">\n				500đ\n			</td>\n		</tr>\n				<tr>\n			<td colspan=\"3\"  style=\"padding:6px; border:1px solid #FAFAFA;\">Fee ship:</td>\n			<td  style=\"padding:6px; border:1px solid #FAFAFA;\">\n				50.000đ\n			</td>\n		</tr><tr>\n			<td colspan=\"3\"  style=\"padding:6px; border:1px solid #FAFAFA;\">Tổng cộng:</td>\n			<td  style=\"padding:6px; border:1px solid #FAFAFA;\">\n								51.100đ\n			</td>\n		</tr>\n	</tbody>\n</table>\n', 0, 'order', '2022-03-28 15:53:13', '2022-03-28 15:53:13'),
(38, 'nguyen hue', NULL, '324234', 'ha noi', NULL, NULL, NULL, '<table style=\"border-spacing: 0px;margin-top: 10px;\">\n	<thead>\n		<tr style=\"background-color: #4CAF50;padding: 8px;\">\n			<th style=\"padding:6px 8px; color: white;\">Product</th>\n			<th style=\"padding:6px 8px; color: white;\">Price</th>\n			<th style=\"padding:6px 8px; color: white;\">Number</th>\n			<th style=\"padding:6px 8px; color: white;\">Sum</th>\n		</tr>\n	</thead>\n	<tbody>\n								<tr style=\"border:1px solid #FAFAFA;padding: 8px;\">\n			<td  style=\"padding:6px; border:1px solid #FAFAFA;\">Sản phẩm demo 02</td>\n			<td style=\"padding:6px; border:1px solid #FAFAFA;\">\n				600đ\n			</td>\n			<td style=\"padding:6px; border:1px solid #FAFAFA;\">\n				2\n			</td>\n			<td style=\"padding:6px; border:1px solid #FAFAFA;\">\n				1.200đ\n			</td>\n		</tr>\n						<tr style=\"border:1px solid #FAFAFA;padding: 8px;\">\n			<td  style=\"padding:6px; border:1px solid #FAFAFA;\">Sản phẩm demo 01</td>\n			<td style=\"padding:6px; border:1px solid #FAFAFA;\">\n				500đ\n			</td>\n			<td style=\"padding:6px; border:1px solid #FAFAFA;\">\n				1\n			</td>\n			<td style=\"padding:6px; border:1px solid #FAFAFA;\">\n				500đ\n			</td>\n		</tr>\n				<tr>\n			<td colspan=\"3\"  style=\"padding:6px; border:1px solid #FAFAFA;\">Fee ship:</td>\n			<td  style=\"padding:6px; border:1px solid #FAFAFA;\">\n				50.000đ\n			</td>\n		</tr><tr>\n			<td colspan=\"3\"  style=\"padding:6px; border:1px solid #FAFAFA;\">Tổng cộng:</td>\n			<td  style=\"padding:6px; border:1px solid #FAFAFA;\">\n								51.700đ\n			</td>\n		</tr>\n	</tbody>\n</table>\n', 0, 'order', '2022-03-28 15:55:07', '2022-03-28 15:55:07'),
(39, 'nguyen hue', NULL, '0915881122', 'hanoi', NULL, NULL, NULL, '<table style=\"border-spacing: 0px;margin-top: 10px;\">\n	<thead>\n		<tr style=\"background-color: #4CAF50;padding: 8px;\">\n			<th style=\"padding:6px 8px; color: white;\">Product</th>\n			<th style=\"padding:6px 8px; color: white;\">Price</th>\n			<th style=\"padding:6px 8px; color: white;\">Number</th>\n			<th style=\"padding:6px 8px; color: white;\">Sum</th>\n		</tr>\n	</thead>\n	<tbody>\n								<tr style=\"border:1px solid #FAFAFA;padding: 8px;\">\n			<td  style=\"padding:6px; border:1px solid #FAFAFA;\">Sản phẩm demo 02</td>\n			<td style=\"padding:6px; border:1px solid #FAFAFA;\">\n				600đ\n			</td>\n			<td style=\"padding:6px; border:1px solid #FAFAFA;\">\n				2\n			</td>\n			<td style=\"padding:6px; border:1px solid #FAFAFA;\">\n				1.200đ\n			</td>\n		</tr>\n						<tr style=\"border:1px solid #FAFAFA;padding: 8px;\">\n			<td  style=\"padding:6px; border:1px solid #FAFAFA;\">Sản phẩm demo 01</td>\n			<td style=\"padding:6px; border:1px solid #FAFAFA;\">\n				500đ\n			</td>\n			<td style=\"padding:6px; border:1px solid #FAFAFA;\">\n				1\n			</td>\n			<td style=\"padding:6px; border:1px solid #FAFAFA;\">\n				500đ\n			</td>\n		</tr>\n				<tr>\n			<td colspan=\"3\"  style=\"padding:6px; border:1px solid #FAFAFA;\">Fee ship:</td>\n			<td  style=\"padding:6px; border:1px solid #FAFAFA;\">\n				50.000đ\n			</td>\n		</tr><tr>\n			<td colspan=\"3\"  style=\"padding:6px; border:1px solid #FAFAFA;\">Tổng cộng:</td>\n			<td  style=\"padding:6px; border:1px solid #FAFAFA;\">\n								51.700đ\n			</td>\n		</tr>\n	</tbody>\n</table>\n', 0, 'order', '2022-03-28 15:56:40', '2022-03-28 15:56:40'),
(40, 'nguyen hue', NULL, '0915881122', 'ha noi', NULL, NULL, NULL, '<table style=\"border-spacing: 0px;margin-top: 10px;\">\n	<thead>\n		<tr style=\"background-color: #4CAF50;padding: 8px;\">\n			<th style=\"padding:6px 8px; color: white;\">Product</th>\n			<th style=\"padding:6px 8px; color: white;\">Price</th>\n			<th style=\"padding:6px 8px; color: white;\">Number</th>\n			<th style=\"padding:6px 8px; color: white;\">Sum</th>\n		</tr>\n	</thead>\n	<tbody>\n								<tr style=\"border:1px solid #FAFAFA;padding: 8px;\">\n			<td  style=\"padding:6px; border:1px solid #FAFAFA;\">Sản phẩm demo 02</td>\n			<td style=\"padding:6px; border:1px solid #FAFAFA;\">\n				600đ\n			</td>\n			<td style=\"padding:6px; border:1px solid #FAFAFA;\">\n				1\n			</td>\n			<td style=\"padding:6px; border:1px solid #FAFAFA;\">\n				600đ\n			</td>\n		</tr>\n						<tr style=\"border:1px solid #FAFAFA;padding: 8px;\">\n			<td  style=\"padding:6px; border:1px solid #FAFAFA;\">Sản phẩm demo 01</td>\n			<td style=\"padding:6px; border:1px solid #FAFAFA;\">\n				500đ\n			</td>\n			<td style=\"padding:6px; border:1px solid #FAFAFA;\">\n				1\n			</td>\n			<td style=\"padding:6px; border:1px solid #FAFAFA;\">\n				500đ\n			</td>\n		</tr>\n				<tr>\n			<td colspan=\"3\"  style=\"padding:6px; border:1px solid #FAFAFA;\">Fee ship:</td>\n			<td  style=\"padding:6px; border:1px solid #FAFAFA;\">\n				50.000đ\n			</td>\n		</tr><tr>\n			<td colspan=\"3\"  style=\"padding:6px; border:1px solid #FAFAFA;\">Tổng cộng:</td>\n			<td  style=\"padding:6px; border:1px solid #FAFAFA;\">\n								51.100đ\n			</td>\n		</tr>\n	</tbody>\n</table>\n', 0, 'order', '2022-03-28 15:59:15', '2022-03-28 15:59:15'),
(41, 'Nguyen Hue', NULL, '0915881122', 'Ha Noi', NULL, NULL, 'noxx', '<table style=\"border-spacing: 0px;margin-top: 10px;\">\n	<thead>\n		<tr style=\"background-color: #4CAF50;padding: 8px;\">\n			<th style=\"padding:6px 8px; color: white;\">Product</th>\n			<th style=\"padding:6px 8px; color: white;\">Price</th>\n			<th style=\"padding:6px 8px; color: white;\">Number</th>\n			<th style=\"padding:6px 8px; color: white;\">Sum</th>\n		</tr>\n	</thead>\n	<tbody>\n								<tr style=\"border:1px solid #FAFAFA;padding: 8px;\">\n			<td  style=\"padding:6px; border:1px solid #FAFAFA;\">Sản phẩm demo 02</td>\n			<td style=\"padding:6px; border:1px solid #FAFAFA;\">\n				600đ\n			</td>\n			<td style=\"padding:6px; border:1px solid #FAFAFA;\">\n				1\n			</td>\n			<td style=\"padding:6px; border:1px solid #FAFAFA;\">\n				600đ\n			</td>\n		</tr>\n						<tr style=\"border:1px solid #FAFAFA;padding: 8px;\">\n			<td  style=\"padding:6px; border:1px solid #FAFAFA;\">Sản phẩm demo 01</td>\n			<td style=\"padding:6px; border:1px solid #FAFAFA;\">\n				500đ\n			</td>\n			<td style=\"padding:6px; border:1px solid #FAFAFA;\">\n				1\n			</td>\n			<td style=\"padding:6px; border:1px solid #FAFAFA;\">\n				500đ\n			</td>\n		</tr>\n				<tr>\n			<td colspan=\"3\"  style=\"padding:6px; border:1px solid #FAFAFA;\">Fee ship:</td>\n			<td  style=\"padding:6px; border:1px solid #FAFAFA;\">\n				50.000đ\n			</td>\n		</tr><tr>\n			<td colspan=\"3\"  style=\"padding:6px; border:1px solid #FAFAFA;\">Tổng cộng:</td>\n			<td  style=\"padding:6px; border:1px solid #FAFAFA;\">\n								51.100đ\n			</td>\n		</tr>\n	</tbody>\n</table>\n', 0, 'order', '2022-03-28 16:06:39', '2022-03-28 16:06:39'),
(42, 'Nguyen Hue', NULL, '09161111', 'hanoi', NULL, NULL, NULL, '<table style=\"border-spacing: 0px;margin-top: 10px;\">\n	<thead>\n		<tr style=\"background-color: #4CAF50;padding: 8px;\">\n			<th style=\"padding:6px 8px; color: white;\">Product</th>\n			<th style=\"padding:6px 8px; color: white;\">Price</th>\n			<th style=\"padding:6px 8px; color: white;\">Number</th>\n			<th style=\"padding:6px 8px; color: white;\">Sum</th>\n		</tr>\n	</thead>\n	<tbody>\n								<tr style=\"border:1px solid #FAFAFA;padding: 8px;\">\n			<td  style=\"padding:6px; border:1px solid #FAFAFA;\">Sản phẩm demo 02</td>\n			<td style=\"padding:6px; border:1px solid #FAFAFA;\">\n				600đ\n			</td>\n			<td style=\"padding:6px; border:1px solid #FAFAFA;\">\n				1\n			</td>\n			<td style=\"padding:6px; border:1px solid #FAFAFA;\">\n				600đ\n			</td>\n		</tr>\n						<tr style=\"border:1px solid #FAFAFA;padding: 8px;\">\n			<td  style=\"padding:6px; border:1px solid #FAFAFA;\">Sản phẩm demo 01</td>\n			<td style=\"padding:6px; border:1px solid #FAFAFA;\">\n				500đ\n			</td>\n			<td style=\"padding:6px; border:1px solid #FAFAFA;\">\n				1\n			</td>\n			<td style=\"padding:6px; border:1px solid #FAFAFA;\">\n				500đ\n			</td>\n		</tr>\n				<tr>\n			<td colspan=\"3\"  style=\"padding:6px; border:1px solid #FAFAFA;\">Fee ship:</td>\n			<td  style=\"padding:6px; border:1px solid #FAFAFA;\">\n				50.000đ\n			</td>\n		</tr><tr>\n			<td colspan=\"3\"  style=\"padding:6px; border:1px solid #FAFAFA;\">Tổng cộng:</td>\n			<td  style=\"padding:6px; border:1px solid #FAFAFA;\">\n								51.100đ\n			</td>\n		</tr>\n	</tbody>\n</table>\n', -1, 'order', '2022-03-28 16:07:57', '2022-03-28 16:13:31'),
(43, 'nguyen hue', NULL, '0915881122', 'hanoi', NULL, NULL, NULL, '<table style=\"border-spacing: 0px;margin-top: 10px;\">\n	<thead>\n		<tr style=\"background-color: #4CAF50;padding: 8px;\">\n			<th style=\"padding:6px 8px; color: white;\">Product</th>\n			<th style=\"padding:6px 8px; color: white;\">Price</th>\n			<th style=\"padding:6px 8px; color: white;\">Number</th>\n			<th style=\"padding:6px 8px; color: white;\">Sum</th>\n		</tr>\n	</thead>\n	<tbody>\n								<tr style=\"border:1px solid #FAFAFA;padding: 8px;\">\n			<td  style=\"padding:6px; border:1px solid #FAFAFA;\">Sản phẩm demo 02</td>\n			<td style=\"padding:6px; border:1px solid #FAFAFA;\">\n				600đ\n			</td>\n			<td style=\"padding:6px; border:1px solid #FAFAFA;\">\n				1\n			</td>\n			<td style=\"padding:6px; border:1px solid #FAFAFA;\">\n				600đ\n			</td>\n		</tr>\n						<tr style=\"border:1px solid #FAFAFA;padding: 8px;\">\n			<td  style=\"padding:6px; border:1px solid #FAFAFA;\">Sản phẩm demo 01</td>\n			<td style=\"padding:6px; border:1px solid #FAFAFA;\">\n				500đ\n			</td>\n			<td style=\"padding:6px; border:1px solid #FAFAFA;\">\n				1\n			</td>\n			<td style=\"padding:6px; border:1px solid #FAFAFA;\">\n				500đ\n			</td>\n		</tr>\n				<tr>\n			<td colspan=\"3\"  style=\"padding:6px; border:1px solid #FAFAFA;\">Fee ship:</td>\n			<td  style=\"padding:6px; border:1px solid #FAFAFA;\">\n				50.000đ\n			</td>\n		</tr><tr>\n			<td colspan=\"3\"  style=\"padding:6px; border:1px solid #FAFAFA;\">Tổng cộng:</td>\n			<td  style=\"padding:6px; border:1px solid #FAFAFA;\">\n								51.100đ\n			</td>\n		</tr>\n	</tbody>\n</table>\n', 2, 'order', '2022-03-28 16:14:58', '2022-03-28 16:16:12'),
(44, 'mr phong', NULL, '34234', 'hanoi', NULL, NULL, 'sdfsd', '<table style=\"border-spacing: 0px;margin-top: 10px;\">\n	<thead>\n		<tr style=\"background-color: #4CAF50;padding: 8px;\">\n			<th style=\"padding:6px 8px; color: white;\">Product</th>\n			<th style=\"padding:6px 8px; color: white;\">Price</th>\n			<th style=\"padding:6px 8px; color: white;\">Number</th>\n			<th style=\"padding:6px 8px; color: white;\">Sum</th>\n		</tr>\n	</thead>\n	<tbody>\n								<tr style=\"border:1px solid #FAFAFA;padding: 8px;\">\n			<td  style=\"padding:6px; border:1px solid #FAFAFA;\">Sản phẩm demo 02</td>\n			<td style=\"padding:6px; border:1px solid #FAFAFA;\">\n				600đ\n			</td>\n			<td style=\"padding:6px; border:1px solid #FAFAFA;\">\n				1\n			</td>\n			<td style=\"padding:6px; border:1px solid #FAFAFA;\">\n				600đ\n			</td>\n		</tr>\n						<tr style=\"border:1px solid #FAFAFA;padding: 8px;\">\n			<td  style=\"padding:6px; border:1px solid #FAFAFA;\">Sản phẩm demo 01</td>\n			<td style=\"padding:6px; border:1px solid #FAFAFA;\">\n				500đ\n			</td>\n			<td style=\"padding:6px; border:1px solid #FAFAFA;\">\n				1\n			</td>\n			<td style=\"padding:6px; border:1px solid #FAFAFA;\">\n				500đ\n			</td>\n		</tr>\n				<tr>\n			<td colspan=\"3\"  style=\"padding:6px; border:1px solid #FAFAFA;\">Fee ship:</td>\n			<td  style=\"padding:6px; border:1px solid #FAFAFA;\">\n				50.000đ\n			</td>\n		</tr><tr>\n			<td colspan=\"3\"  style=\"padding:6px; border:1px solid #FAFAFA;\">Tổng cộng:</td>\n			<td  style=\"padding:6px; border:1px solid #FAFAFA;\">\n								51.100đ\n			</td>\n		</tr>\n	</tbody>\n</table>\n', 0, 'order', '2022-03-28 16:22:14', '2022-03-28 16:22:14'),
(45, 'mr test', NULL, '3234', 'hanoi', NULL, NULL, 'erwer', '<table style=\"border-spacing: 0px;margin-top: 10px;\">\n	<thead>\n		<tr style=\"background-color: #4CAF50;padding: 8px;\">\n			<th style=\"padding:6px 8px; color: white;\">Product</th>\n			<th style=\"padding:6px 8px; color: white;\">Price</th>\n			<th style=\"padding:6px 8px; color: white;\">Number</th>\n			<th style=\"padding:6px 8px; color: white;\">Sum</th>\n		</tr>\n	</thead>\n	<tbody>\n								<tr style=\"border:1px solid #FAFAFA;padding: 8px;\">\n			<td  style=\"padding:6px; border:1px solid #FAFAFA;\">Sản phẩm demo 01</td>\n			<td style=\"padding:6px; border:1px solid #FAFAFA;\">\n				500đ\n			</td>\n			<td style=\"padding:6px; border:1px solid #FAFAFA;\">\n				1\n			</td>\n			<td style=\"padding:6px; border:1px solid #FAFAFA;\">\n				500đ\n			</td>\n		</tr>\n						<tr style=\"border:1px solid #FAFAFA;padding: 8px;\">\n			<td  style=\"padding:6px; border:1px solid #FAFAFA;\">Sản phẩm demo 02</td>\n			<td style=\"padding:6px; border:1px solid #FAFAFA;\">\n				600đ\n			</td>\n			<td style=\"padding:6px; border:1px solid #FAFAFA;\">\n				1\n			</td>\n			<td style=\"padding:6px; border:1px solid #FAFAFA;\">\n				600đ\n			</td>\n		</tr>\n				<tr>\n			<td colspan=\"3\"  style=\"padding:6px; border:1px solid #FAFAFA;\">Fee ship:</td>\n			<td  style=\"padding:6px; border:1px solid #FAFAFA;\">\n				50.000đ\n			</td>\n		</tr><tr>\n			<td colspan=\"3\"  style=\"padding:6px; border:1px solid #FAFAFA;\">Tổng cộng:</td>\n			<td  style=\"padding:6px; border:1px solid #FAFAFA;\">\n								51.100đ\n			</td>\n		</tr>\n	</tbody>\n</table>\n', 0, 'order', '2022-03-28 16:47:38', '2022-03-28 16:47:38'),
(46, 'nguyen hue', NULL, '0915881122', 'hanoi', NULL, NULL, NULL, '<table style=\"border-spacing: 0px;margin-top: 10px;\">\n	<thead>\n		<tr style=\"background-color: #4CAF50;padding: 8px;\">\n			<th style=\"padding:6px 8px; color: white;\">Product</th>\n			<th style=\"padding:6px 8px; color: white;\">Price</th>\n			<th style=\"padding:6px 8px; color: white;\">Number</th>\n			<th style=\"padding:6px 8px; color: white;\">Sum</th>\n		</tr>\n	</thead>\n	<tbody>\n								<tr style=\"border:1px solid #FAFAFA;padding: 8px;\">\n			<td  style=\"padding:6px; border:1px solid #FAFAFA;\">Sản phẩm demo 02</td>\n			<td style=\"padding:6px; border:1px solid #FAFAFA;\">\n				600đ\n			</td>\n			<td style=\"padding:6px; border:1px solid #FAFAFA;\">\n				1\n			</td>\n			<td style=\"padding:6px; border:1px solid #FAFAFA;\">\n				600đ\n			</td>\n		</tr>\n						<tr style=\"border:1px solid #FAFAFA;padding: 8px;\">\n			<td  style=\"padding:6px; border:1px solid #FAFAFA;\">Sản phẩm demo 01</td>\n			<td style=\"padding:6px; border:1px solid #FAFAFA;\">\n				500đ\n			</td>\n			<td style=\"padding:6px; border:1px solid #FAFAFA;\">\n				1\n			</td>\n			<td style=\"padding:6px; border:1px solid #FAFAFA;\">\n				500đ\n			</td>\n		</tr>\n				<tr>\n			<td colspan=\"3\"  style=\"padding:6px; border:1px solid #FAFAFA;\">Fee ship:</td>\n			<td  style=\"padding:6px; border:1px solid #FAFAFA;\">\n				50.000đ\n			</td>\n		</tr><tr>\n			<td colspan=\"3\"  style=\"padding:6px; border:1px solid #FAFAFA;\">Tổng cộng:</td>\n			<td  style=\"padding:6px; border:1px solid #FAFAFA;\">\n								51.100đ\n			</td>\n		</tr>\n	</tbody>\n</table>\n', 0, 'order', '2022-03-28 16:49:18', '2022-03-28 16:49:18'),
(47, 'nguyen hue', NULL, '0915881122', 'hanoi', NULL, NULL, NULL, '<table style=\"border-spacing: 0px;margin-top: 10px;\">\n	<thead>\n		<tr style=\"background-color: #4CAF50;padding: 8px;\">\n			<th style=\"padding:6px 8px; color: white;\">Product</th>\n			<th style=\"padding:6px 8px; color: white;\">Price</th>\n			<th style=\"padding:6px 8px; color: white;\">Number</th>\n			<th style=\"padding:6px 8px; color: white;\">Sum</th>\n		</tr>\n	</thead>\n	<tbody>\n								<tr style=\"border:1px solid #FAFAFA;padding: 8px;\">\n			<td  style=\"padding:6px; border:1px solid #FAFAFA;\">Sản phẩm demo 02</td>\n			<td style=\"padding:6px; border:1px solid #FAFAFA;\">\n				600đ\n			</td>\n			<td style=\"padding:6px; border:1px solid #FAFAFA;\">\n				1\n			</td>\n			<td style=\"padding:6px; border:1px solid #FAFAFA;\">\n				600đ\n			</td>\n		</tr>\n						<tr style=\"border:1px solid #FAFAFA;padding: 8px;\">\n			<td  style=\"padding:6px; border:1px solid #FAFAFA;\">Sản phẩm demo 01</td>\n			<td style=\"padding:6px; border:1px solid #FAFAFA;\">\n				500đ\n			</td>\n			<td style=\"padding:6px; border:1px solid #FAFAFA;\">\n				1\n			</td>\n			<td style=\"padding:6px; border:1px solid #FAFAFA;\">\n				500đ\n			</td>\n		</tr>\n				<tr>\n			<td colspan=\"3\"  style=\"padding:6px; border:1px solid #FAFAFA;\">Fee ship:</td>\n			<td  style=\"padding:6px; border:1px solid #FAFAFA;\">\n				50.000đ\n			</td>\n		</tr><tr>\n			<td colspan=\"3\"  style=\"padding:6px; border:1px solid #FAFAFA;\">Tổng cộng:</td>\n			<td  style=\"padding:6px; border:1px solid #FAFAFA;\">\n								51.100đ\n			</td>\n		</tr>\n	</tbody>\n</table>\n', -1, 'order', '2022-03-28 16:49:56', '2022-03-28 16:50:06'),
(48, 'mr test', NULL, '2131', 'hanoi ivet nam', NULL, NULL, 'dfasdf', '<table style=\"border-spacing: 0px;margin-top: 10px;\">\n	<thead>\n		<tr style=\"background-color: #4CAF50;padding: 8px;\">\n			<th style=\"padding:6px 8px; color: white;\">Product</th>\n			<th style=\"padding:6px 8px; color: white;\">Price</th>\n			<th style=\"padding:6px 8px; color: white;\">Number</th>\n			<th style=\"padding:6px 8px; color: white;\">Sum</th>\n		</tr>\n	</thead>\n	<tbody>\n								<tr style=\"border:1px solid #FAFAFA;padding: 8px;\">\n			<td  style=\"padding:6px; border:1px solid #FAFAFA;\">Sản phẩm demo 02</td>\n			<td style=\"padding:6px; border:1px solid #FAFAFA;\">\n				600đ\n			</td>\n			<td style=\"padding:6px; border:1px solid #FAFAFA;\">\n				1\n			</td>\n			<td style=\"padding:6px; border:1px solid #FAFAFA;\">\n				600đ\n			</td>\n		</tr>\n						<tr style=\"border:1px solid #FAFAFA;padding: 8px;\">\n			<td  style=\"padding:6px; border:1px solid #FAFAFA;\">Sản phẩm demo 01</td>\n			<td style=\"padding:6px; border:1px solid #FAFAFA;\">\n				500đ\n			</td>\n			<td style=\"padding:6px; border:1px solid #FAFAFA;\">\n				1\n			</td>\n			<td style=\"padding:6px; border:1px solid #FAFAFA;\">\n				500đ\n			</td>\n		</tr>\n				<tr>\n			<td colspan=\"3\"  style=\"padding:6px; border:1px solid #FAFAFA;\">Fee ship:</td>\n			<td  style=\"padding:6px; border:1px solid #FAFAFA;\">\n				50.000đ\n			</td>\n		</tr><tr>\n			<td colspan=\"3\"  style=\"padding:6px; border:1px solid #FAFAFA;\">Tổng cộng:</td>\n			<td  style=\"padding:6px; border:1px solid #FAFAFA;\">\n								51.100đ\n			</td>\n		</tr>\n	</tbody>\n</table>\n', 0, 'order', '2022-03-29 07:46:18', '2022-03-29 07:46:18'),
(49, 'Nguyen Hue', NULL, '0915228811', NULL, NULL, NULL, NULL, '<table style=\"border-spacing: 0px;margin-top: 10px;\">\n	<thead>\n		<tr style=\"background-color: #4CAF50;padding: 8px;\">\n			<th style=\"padding:6px 8px; color: white;\">Product</th>\n			<th style=\"padding:6px 8px; color: white;\">Price</th>\n			<th style=\"padding:6px 8px; color: white;\">Number</th>\n			<th style=\"padding:6px 8px; color: white;\">Sum</th>\n		</tr>\n	</thead>\n	<tbody>\n								<tr style=\"border:1px solid #FAFAFA;padding: 8px;\">\n			<td  style=\"padding:6px; border:1px solid #FAFAFA;\">Sản phẩm demo 02</td>\n			<td style=\"padding:6px; border:1px solid #FAFAFA;\">\n				600đ\n			</td>\n			<td style=\"padding:6px; border:1px solid #FAFAFA;\">\n				14\n			</td>\n			<td style=\"padding:6px; border:1px solid #FAFAFA;\">\n				8.400đ\n			</td>\n		</tr>\n						<tr style=\"border:1px solid #FAFAFA;padding: 8px;\">\n			<td  style=\"padding:6px; border:1px solid #FAFAFA;\">Sản phẩm demo 01</td>\n			<td style=\"padding:6px; border:1px solid #FAFAFA;\">\n				500đ\n			</td>\n			<td style=\"padding:6px; border:1px solid #FAFAFA;\">\n				1\n			</td>\n			<td style=\"padding:6px; border:1px solid #FAFAFA;\">\n				500đ\n			</td>\n		</tr>\n						<tr style=\"border:1px solid #FAFAFA;padding: 8px;\">\n			<td  style=\"padding:6px; border:1px solid #FAFAFA;\">Sản phẩm demo 03</td>\n			<td style=\"padding:6px; border:1px solid #FAFAFA;\">\n				800.000đ\n			</td>\n			<td style=\"padding:6px; border:1px solid #FAFAFA;\">\n				1\n			</td>\n			<td style=\"padding:6px; border:1px solid #FAFAFA;\">\n				800.000đ\n			</td>\n		</tr>\n				<tr>\n			<td colspan=\"3\"  style=\"padding:6px; border:1px solid #FAFAFA;\">Fee ship:</td>\n			<td  style=\"padding:6px; border:1px solid #FAFAFA;\">\n				0đ\n			</td>\n		</tr><tr>\n			<td colspan=\"3\"  style=\"padding:6px; border:1px solid #FAFAFA;\">Tổng cộng:</td>\n			<td  style=\"padding:6px; border:1px solid #FAFAFA;\">\n								808.900đ\n			</td>\n		</tr>\n	</tbody>\n</table>\n', 0, 'order', '2022-03-30 07:45:03', '2022-03-30 07:45:03'),
(50, 'nguyen hue', NULL, '0915112233', NULL, NULL, NULL, NULL, '<table style=\"border-spacing: 0px;margin-top: 10px;\">\n	<thead>\n		<tr style=\"background-color: #4CAF50;padding: 8px;\">\n			<th style=\"padding:6px 8px; color: white;\">Product</th>\n			<th style=\"padding:6px 8px; color: white;\">Price</th>\n			<th style=\"padding:6px 8px; color: white;\">Number</th>\n			<th style=\"padding:6px 8px; color: white;\">Sum</th>\n		</tr>\n	</thead>\n	<tbody>\n								<tr style=\"border:1px solid #FAFAFA;padding: 8px;\">\n			<td  style=\"padding:6px; border:1px solid #FAFAFA;\">Sản phẩm demo 03</td>\n			<td style=\"padding:6px; border:1px solid #FAFAFA;\">\n				800.000đ\n			</td>\n			<td style=\"padding:6px; border:1px solid #FAFAFA;\">\n				2\n			</td>\n			<td style=\"padding:6px; border:1px solid #FAFAFA;\">\n				1.600.000đ\n			</td>\n		</tr>\n				<tr>\n			<td colspan=\"3\"  style=\"padding:6px; border:1px solid #FAFAFA;\">Fee ship:</td>\n			<td  style=\"padding:6px; border:1px solid #FAFAFA;\">\n				0đ\n			</td>\n		</tr><tr>\n			<td colspan=\"3\"  style=\"padding:6px; border:1px solid #FAFAFA;\">Tổng cộng:</td>\n			<td  style=\"padding:6px; border:1px solid #FAFAFA;\">\n								1.600.000đ\n			</td>\n		</tr>\n	</tbody>\n</table>\n', 0, 'order', '2022-03-30 07:46:16', '2022-03-30 07:46:16');

INSERT INTO `brv_receive_data_cart` (`id`, `receive_data_id`, `post_id`, `name`, `qty`, `price`, `weight`, `discount`, `tax`, `subtotal`, `options`) VALUES
(1, 15, 30, 'Sản phẩm demo 02', 3, 600, 0, 0, 126, 1800, '{\"img\":\"https:\\/\\/nguyentrongpho.com\\/storage\\/photos\\/shares\\/202203\\/demo02.jpeg\",\"url\":\"https:\\/\\/nguyentrongpho.com\\/san-pham-demo-02\"}'),
(2, 15, 29, 'Sản phẩm demo 01', 3, 500, 0, 0, 105, 1500, '{\"img\":\"https:\\/\\/nguyentrongpho.com\\/storage\\/photos\\/shares\\/202203\\/demo01.jpeg\",\"url\":\"https:\\/\\/nguyentrongpho.com\\/san-pham-demo-01\"}'),
(3, 16, 30, 'Sản phẩm demo 02', 1, 600, 0, 0, 126, 600, '{\"img\":\"https:\\/\\/nguyentrongpho.com\\/storage\\/photos\\/shares\\/202203\\/demo02.jpeg\",\"url\":\"https:\\/\\/nguyentrongpho.com\\/san-pham-demo-02\"}'),
(4, 16, 29, 'Sản phẩm demo 01', 2, 500, 0, 0, 105, 1000, '{\"img\":\"https:\\/\\/nguyentrongpho.com\\/storage\\/photos\\/shares\\/202203\\/demo01.jpeg\",\"url\":\"https:\\/\\/nguyentrongpho.com\\/san-pham-demo-01\"}'),
(5, 20, 30, 'Sản phẩm demo 02', 1, 600, 0, 0, 126, 600, '{\"img\":\"https:\\/\\/nguyentrongpho.com\\/storage\\/photos\\/shares\\/202203\\/demo02.jpeg\",\"url\":\"https:\\/\\/nguyentrongpho.com\\/san-pham-demo-02\"}'),
(6, 20, 29, 'Sản phẩm demo 01', 1, 500, 0, 0, 105, 500, '{\"img\":\"https:\\/\\/nguyentrongpho.com\\/storage\\/photos\\/shares\\/202203\\/demo01.jpeg\",\"url\":\"https:\\/\\/nguyentrongpho.com\\/san-pham-demo-01\"}'),
(7, 24, 30, 'Sản phẩm demo 02', 1, 600, 0, 0, 126, 600, '{\"img\":\"https:\\/\\/nguyentrongpho.com\\/storage\\/photos\\/shares\\/202203\\/demo02.jpeg\",\"url\":\"https:\\/\\/nguyentrongpho.com\\/san-pham-demo-02\"}'),
(8, 24, 29, 'Sản phẩm demo 01', 1, 500, 0, 0, 105, 500, '{\"img\":\"https:\\/\\/nguyentrongpho.com\\/storage\\/photos\\/shares\\/202203\\/demo01.jpeg\",\"url\":\"https:\\/\\/nguyentrongpho.com\\/san-pham-demo-01\"}'),
(9, 25, 30, 'Sản phẩm demo 02', 1, 600, 0, 0, 126, 600, '{\"img\":\"https:\\/\\/nguyentrongpho.com\\/storage\\/photos\\/shares\\/202203\\/demo02.jpeg\",\"url\":\"https:\\/\\/nguyentrongpho.com\\/san-pham-demo-02\"}'),
(10, 25, 29, 'Sản phẩm demo 01', 1, 500, 0, 0, 105, 500, '{\"img\":\"https:\\/\\/nguyentrongpho.com\\/storage\\/photos\\/shares\\/202203\\/demo01.jpeg\",\"url\":\"https:\\/\\/nguyentrongpho.com\\/san-pham-demo-01\"}'),
(11, 26, 30, 'Sản phẩm demo 02', 1, 600, 0, 0, 126, 600, '{\"img\":\"https:\\/\\/nguyentrongpho.com\\/storage\\/photos\\/shares\\/202203\\/demo02.jpeg\",\"url\":\"https:\\/\\/nguyentrongpho.com\\/san-pham-demo-02\"}'),
(12, 26, 29, 'Sản phẩm demo 01', 1, 500, 0, 0, 105, 500, '{\"img\":\"https:\\/\\/nguyentrongpho.com\\/storage\\/photos\\/shares\\/202203\\/demo01.jpeg\",\"url\":\"https:\\/\\/nguyentrongpho.com\\/san-pham-demo-01\"}'),
(13, 27, 30, 'Sản phẩm demo 02', 2, 600, 0, 0, 126, 1200, '{\"img\":\"https:\\/\\/nguyentrongpho.com\\/storage\\/photos\\/shares\\/202203\\/demo02.jpeg\",\"url\":\"https:\\/\\/nguyentrongpho.com\\/san-pham-demo-02\"}'),
(14, 27, 29, 'Sản phẩm demo 01', 1, 500, 0, 0, 105, 500, '{\"img\":\"https:\\/\\/nguyentrongpho.com\\/storage\\/photos\\/shares\\/202203\\/demo01.jpeg\",\"url\":\"https:\\/\\/nguyentrongpho.com\\/san-pham-demo-01\"}'),
(15, 28, 30, 'Sản phẩm demo 02', 1, 600, 0, 0, 126, 600, '{\"img\":\"https:\\/\\/nguyentrongpho.com\\/storage\\/photos\\/shares\\/202203\\/demo02.jpeg\",\"url\":\"https:\\/\\/nguyentrongpho.com\\/san-pham-demo-02\"}'),
(16, 28, 29, 'Sản phẩm demo 01', 1, 500, 0, 0, 105, 500, '{\"img\":\"https:\\/\\/nguyentrongpho.com\\/storage\\/photos\\/shares\\/202203\\/demo01.jpeg\",\"url\":\"https:\\/\\/nguyentrongpho.com\\/san-pham-demo-01\"}'),
(17, 29, 30, 'Sản phẩm demo 02', 1, 600, 0, 0, 126, 600, '{\"img\":\"https:\\/\\/nguyentrongpho.com\\/storage\\/photos\\/shares\\/202203\\/demo02.jpeg\",\"url\":\"https:\\/\\/nguyentrongpho.com\\/san-pham-demo-02\"}'),
(18, 29, 29, 'Sản phẩm demo 01', 1, 500, 0, 0, 105, 500, '{\"img\":\"https:\\/\\/nguyentrongpho.com\\/storage\\/photos\\/shares\\/202203\\/demo01.jpeg\",\"url\":\"https:\\/\\/nguyentrongpho.com\\/san-pham-demo-01\"}'),
(19, 30, 30, 'Sản phẩm demo 02', 1, 600, 0, 0, 126, 600, '{\"img\":\"https:\\/\\/nguyentrongpho.com\\/storage\\/photos\\/shares\\/202203\\/demo02.jpeg\",\"url\":\"https:\\/\\/nguyentrongpho.com\\/san-pham-demo-02\"}'),
(20, 30, 29, 'Sản phẩm demo 01', 1, 500, 0, 0, 105, 500, '{\"img\":\"https:\\/\\/nguyentrongpho.com\\/storage\\/photos\\/shares\\/202203\\/demo01.jpeg\",\"url\":\"https:\\/\\/nguyentrongpho.com\\/san-pham-demo-01\"}'),
(21, 31, 30, 'Sản phẩm demo 02', 1, 600, 0, 0, 126, 600, '{\"img\":\"https:\\/\\/nguyentrongpho.com\\/storage\\/photos\\/shares\\/202203\\/demo02.jpeg\",\"url\":\"https:\\/\\/nguyentrongpho.com\\/san-pham-demo-02\"}'),
(22, 31, 29, 'Sản phẩm demo 01', 1, 500, 0, 0, 105, 500, '{\"img\":\"https:\\/\\/nguyentrongpho.com\\/storage\\/photos\\/shares\\/202203\\/demo01.jpeg\",\"url\":\"https:\\/\\/nguyentrongpho.com\\/san-pham-demo-01\"}'),
(23, 32, 30, 'Sản phẩm demo 02', 1, 600, 0, 0, 126, 600, '{\"img\":\"https:\\/\\/nguyentrongpho.com\\/storage\\/photos\\/shares\\/202203\\/demo02.jpeg\",\"url\":\"https:\\/\\/nguyentrongpho.com\\/san-pham-demo-02\"}'),
(24, 32, 29, 'Sản phẩm demo 01', 2, 500, 0, 0, 105, 1000, '{\"img\":\"https:\\/\\/nguyentrongpho.com\\/storage\\/photos\\/shares\\/202203\\/demo01.jpeg\",\"url\":\"https:\\/\\/nguyentrongpho.com\\/san-pham-demo-01\"}'),
(25, 33, 30, 'Sản phẩm demo 02', 1, 600, 0, 0, 126, 600, '{\"img\":\"https:\\/\\/nguyentrongpho.com\\/storage\\/photos\\/shares\\/202203\\/demo02.jpeg\",\"url\":\"https:\\/\\/nguyentrongpho.com\\/san-pham-demo-02\"}'),
(26, 33, 29, 'Sản phẩm demo 01', 2, 500, 0, 0, 105, 1000, '{\"img\":\"https:\\/\\/nguyentrongpho.com\\/storage\\/photos\\/shares\\/202203\\/demo01.jpeg\",\"url\":\"https:\\/\\/nguyentrongpho.com\\/san-pham-demo-01\"}'),
(27, 34, 30, 'Sản phẩm demo 02', 2, 600, 0, 0, 126, 1200, '{\"img\":\"https:\\/\\/nguyentrongpho.com\\/storage\\/photos\\/shares\\/202203\\/demo02.jpeg\",\"url\":\"https:\\/\\/nguyentrongpho.com\\/san-pham-demo-02\"}'),
(28, 34, 29, 'Sản phẩm demo 01', 2, 500, 0, 0, 105, 1000, '{\"img\":\"https:\\/\\/nguyentrongpho.com\\/storage\\/photos\\/shares\\/202203\\/demo01.jpeg\",\"url\":\"https:\\/\\/nguyentrongpho.com\\/san-pham-demo-01\"}'),
(29, 35, 30, 'Sản phẩm demo 02', 1, 600, 0, 0, 126, 600, '{\"img\":\"https:\\/\\/nguyentrongpho.com\\/storage\\/photos\\/shares\\/202203\\/demo02.jpeg\",\"url\":\"https:\\/\\/nguyentrongpho.com\\/san-pham-demo-02\"}'),
(30, 35, 29, 'Sản phẩm demo 01', 1, 500, 0, 0, 105, 500, '{\"img\":\"https:\\/\\/nguyentrongpho.com\\/storage\\/photos\\/shares\\/202203\\/demo01.jpeg\",\"url\":\"https:\\/\\/nguyentrongpho.com\\/san-pham-demo-01\"}'),
(31, 36, 30, 'Sản phẩm demo 02', 2, 600, 0, 0, 126, 1200, '{\"img\":\"https:\\/\\/nguyentrongpho.com\\/storage\\/photos\\/shares\\/202203\\/demo02.jpeg\",\"url\":\"https:\\/\\/nguyentrongpho.com\\/san-pham-demo-02\"}'),
(32, 36, 29, 'Sản phẩm demo 01', 2, 500, 0, 0, 105, 1000, '{\"img\":\"https:\\/\\/nguyentrongpho.com\\/storage\\/photos\\/shares\\/202203\\/demo01.jpeg\",\"url\":\"https:\\/\\/nguyentrongpho.com\\/san-pham-demo-01\"}'),
(33, 37, 30, 'Sản phẩm demo 02', 1, 600, 0, 0, 126, 600, '{\"img\":\"https:\\/\\/nguyentrongpho.com\\/storage\\/photos\\/shares\\/202203\\/demo02.jpeg\",\"url\":\"https:\\/\\/nguyentrongpho.com\\/san-pham-demo-02\"}'),
(34, 37, 29, 'Sản phẩm demo 01', 1, 500, 0, 0, 105, 500, '{\"img\":\"https:\\/\\/nguyentrongpho.com\\/storage\\/photos\\/shares\\/202203\\/demo01.jpeg\",\"url\":\"https:\\/\\/nguyentrongpho.com\\/san-pham-demo-01\"}'),
(35, 38, 30, 'Sản phẩm demo 02', 2, 600, 0, 0, 126, 1200, '{\"img\":\"https:\\/\\/nguyentrongpho.com\\/storage\\/photos\\/shares\\/202203\\/demo02.jpeg\",\"url\":\"https:\\/\\/nguyentrongpho.com\\/san-pham-demo-02\"}'),
(36, 38, 29, 'Sản phẩm demo 01', 1, 500, 0, 0, 105, 500, '{\"img\":\"https:\\/\\/nguyentrongpho.com\\/storage\\/photos\\/shares\\/202203\\/demo01.jpeg\",\"url\":\"https:\\/\\/nguyentrongpho.com\\/san-pham-demo-01\"}'),
(37, 39, 30, 'Sản phẩm demo 02', 2, 600, 0, 0, 126, 1200, '{\"img\":\"https:\\/\\/nguyentrongpho.com\\/storage\\/photos\\/shares\\/202203\\/demo02.jpeg\",\"url\":\"https:\\/\\/nguyentrongpho.com\\/san-pham-demo-02\"}'),
(38, 39, 29, 'Sản phẩm demo 01', 1, 500, 0, 0, 105, 500, '{\"img\":\"https:\\/\\/nguyentrongpho.com\\/storage\\/photos\\/shares\\/202203\\/demo01.jpeg\",\"url\":\"https:\\/\\/nguyentrongpho.com\\/san-pham-demo-01\"}'),
(39, 40, 30, 'Sản phẩm demo 02', 1, 600, 0, 0, 126, 600, '{\"img\":\"https:\\/\\/nguyentrongpho.com\\/storage\\/photos\\/shares\\/202203\\/demo02.jpeg\",\"url\":\"https:\\/\\/nguyentrongpho.com\\/san-pham-demo-02\"}'),
(40, 40, 29, 'Sản phẩm demo 01', 1, 500, 0, 0, 105, 500, '{\"img\":\"https:\\/\\/nguyentrongpho.com\\/storage\\/photos\\/shares\\/202203\\/demo01.jpeg\",\"url\":\"https:\\/\\/nguyentrongpho.com\\/san-pham-demo-01\"}'),
(41, 41, 30, 'Sản phẩm demo 02', 1, 600, 0, 0, 126, 600, '{\"img\":\"https:\\/\\/nguyentrongpho.com\\/storage\\/photos\\/shares\\/202203\\/demo02.jpeg\",\"url\":\"https:\\/\\/nguyentrongpho.com\\/san-pham-demo-02\"}'),
(42, 41, 29, 'Sản phẩm demo 01', 1, 500, 0, 0, 105, 500, '{\"img\":\"https:\\/\\/nguyentrongpho.com\\/storage\\/photos\\/shares\\/202203\\/demo01.jpeg\",\"url\":\"https:\\/\\/nguyentrongpho.com\\/san-pham-demo-01\"}'),
(43, 42, 30, 'Sản phẩm demo 02', 1, 600, 0, 0, 126, 600, '{\"img\":\"https:\\/\\/nguyentrongpho.com\\/storage\\/photos\\/shares\\/202203\\/demo02.jpeg\",\"url\":\"https:\\/\\/nguyentrongpho.com\\/san-pham-demo-02\"}'),
(44, 42, 29, 'Sản phẩm demo 01', 1, 500, 0, 0, 105, 500, '{\"img\":\"https:\\/\\/nguyentrongpho.com\\/storage\\/photos\\/shares\\/202203\\/demo01.jpeg\",\"url\":\"https:\\/\\/nguyentrongpho.com\\/san-pham-demo-01\"}'),
(45, 43, 30, 'Sản phẩm demo 02', 1, 600, 0, 0, 126, 600, '{\"img\":\"https:\\/\\/nguyentrongpho.com\\/storage\\/photos\\/shares\\/202203\\/demo02.jpeg\",\"url\":\"https:\\/\\/nguyentrongpho.com\\/san-pham-demo-02\"}'),
(46, 43, 29, 'Sản phẩm demo 01', 1, 500, 0, 0, 105, 500, '{\"img\":\"https:\\/\\/nguyentrongpho.com\\/storage\\/photos\\/shares\\/202203\\/demo01.jpeg\",\"url\":\"https:\\/\\/nguyentrongpho.com\\/san-pham-demo-01\"}'),
(47, 44, 30, 'Sản phẩm demo 02', 1, 600, 0, 0, 126, 600, '{\"img\":\"https:\\/\\/nguyentrongpho.com\\/storage\\/photos\\/shares\\/202203\\/demo02.jpeg\",\"url\":\"https:\\/\\/nguyentrongpho.com\\/san-pham-demo-02\"}'),
(48, 44, 29, 'Sản phẩm demo 01', 1, 500, 0, 0, 105, 500, '{\"img\":\"https:\\/\\/nguyentrongpho.com\\/storage\\/photos\\/shares\\/202203\\/demo01.jpeg\",\"url\":\"https:\\/\\/nguyentrongpho.com\\/san-pham-demo-01\"}'),
(49, 45, 29, 'Sản phẩm demo 01', 1, 500, 0, 0, 105, 500, '{\"img\":\"https:\\/\\/nguyentrongpho.com\\/storage\\/photos\\/shares\\/202203\\/demo01.jpeg\",\"url\":\"https:\\/\\/nguyentrongpho.com\\/san-pham-demo-01\"}'),
(50, 45, 30, 'Sản phẩm demo 02', 1, 600, 0, 0, 126, 600, '{\"img\":\"https:\\/\\/nguyentrongpho.com\\/storage\\/photos\\/shares\\/202203\\/demo02.jpeg\",\"url\":\"https:\\/\\/nguyentrongpho.com\\/san-pham-demo-02\"}'),
(51, 46, 30, 'Sản phẩm demo 02', 1, 600, 0, 0, 126, 600, '{\"img\":\"https:\\/\\/nguyentrongpho.com\\/storage\\/photos\\/shares\\/202203\\/demo02.jpeg\",\"url\":\"https:\\/\\/nguyentrongpho.com\\/san-pham-demo-02\"}'),
(52, 46, 29, 'Sản phẩm demo 01', 1, 500, 0, 0, 105, 500, '{\"img\":\"https:\\/\\/nguyentrongpho.com\\/storage\\/photos\\/shares\\/202203\\/demo01.jpeg\",\"url\":\"https:\\/\\/nguyentrongpho.com\\/san-pham-demo-01\"}'),
(53, 47, 30, 'Sản phẩm demo 02', 1, 600, 0, 0, 126, 600, '{\"img\":\"https:\\/\\/nguyentrongpho.com\\/storage\\/photos\\/shares\\/202203\\/demo02.jpeg\",\"url\":\"https:\\/\\/nguyentrongpho.com\\/san-pham-demo-02\"}'),
(54, 47, 29, 'Sản phẩm demo 01', 1, 500, 0, 0, 105, 500, '{\"img\":\"https:\\/\\/nguyentrongpho.com\\/storage\\/photos\\/shares\\/202203\\/demo01.jpeg\",\"url\":\"https:\\/\\/nguyentrongpho.com\\/san-pham-demo-01\"}'),
(55, 48, 30, 'Sản phẩm demo 02', 1, 600, 0, 0, 126, 600, '{\"img\":\"https:\\/\\/nguyentrongpho.com\\/storage\\/photos\\/shares\\/202203\\/demo02.jpeg\",\"url\":\"https:\\/\\/nguyentrongpho.com\\/san-pham-demo-02\"}'),
(56, 48, 29, 'Sản phẩm demo 01', 1, 500, 0, 0, 105, 500, '{\"img\":\"https:\\/\\/nguyentrongpho.com\\/storage\\/photos\\/shares\\/202203\\/demo01.jpeg\",\"url\":\"https:\\/\\/nguyentrongpho.com\\/san-pham-demo-01\"}'),
(57, 49, 30, 'Sản phẩm demo 02', 14, 600, 0, 0, 126, 8400, '{\"img\":\"https:\\/\\/nguyentrongpho.com\\/storage\\/photos\\/shares\\/202203\\/demo02.jpeg\",\"url\":\"https:\\/\\/nguyentrongpho.com\\/san-pham-demo-02\"}'),
(58, 49, 29, 'Sản phẩm demo 01', 1, 500, 0, 0, 105, 500, '{\"img\":\"https:\\/\\/nguyentrongpho.com\\/storage\\/photos\\/shares\\/202203\\/demo01.jpeg\",\"url\":\"https:\\/\\/nguyentrongpho.com\\/san-pham-demo-01\"}'),
(59, 49, 32, 'Sản phẩm demo 03', 1, 800000, 0, 0, 168000, 800000, '{\"img\":null,\"url\":\"https:\\/\\/nguyentrongpho.com\\/san-pham-demo-03\"}'),
(60, 50, 32, 'Sản phẩm demo 03', 2, 800000, 0, 0, 168000, 1600000, '{\"img\":null,\"url\":\"https:\\/\\/nguyentrongpho.com\\/san-pham-demo-03\"}');

INSERT INTO `brv_receive_data_meta` (`id`, `receive_data_id`, `key`, `value`) VALUES
(1, 3, 'price', '52200'),
(2, 3, 'qty', '4'),
(3, 4, 'price', '52200'),
(4, 4, 'qty', '4'),
(5, 4, 'cart', '{\"bd6b39fceb1c6a17cfc51558021f3e02\":{\"rowId\":\"bd6b39fceb1c6a17cfc51558021f3e02\",\"id\":\"id30\",\"name\":\"S\\u1ea3n ph\\u1ea9m demo 02\",\"qty\":2,\"price\":600,\"weight\":0,\"options\":{\"img\":\"https:\\/\\/nguyentrongpho.com\\/storage\\/photos\\/shares\\/202203\\/demo02.jpeg\"},\"discount\":0,\"tax\":126,\"subtotal\":1200},\"2ce60c036bb2a93399e805b26564a255\":{\"rowId\":\"2ce60c036bb2a93399e805b26564a255\",\"id\":\"id29\",\"name\":\"S\\u1ea3n ph\\u1ea9m demo 01\",\"qty\":2,\"price\":500,\"weight\":0,\"options\":{\"img\":\"https:\\/\\/nguyentrongpho.com\\/storage\\/photos\\/shares\\/202203\\/demo01.jpeg\"},\"discount\":0,\"tax\":105,\"subtotal\":1000}}'),
(6, 4, 'pay_method', 'cod'),
(7, 4, 'order_description', '2 x Sản phẩm demo 02 + 2 x Sản phẩm demo 01'),
(8, 5, 'price', '52200'),
(9, 5, 'qty', '4'),
(10, 5, 'cart', '{\"bd6b39fceb1c6a17cfc51558021f3e02\":{\"rowId\":\"bd6b39fceb1c6a17cfc51558021f3e02\",\"id\":\"id30\",\"name\":\"S\\u1ea3n ph\\u1ea9m demo 02\",\"qty\":2,\"price\":600,\"weight\":0,\"options\":{\"img\":\"https:\\/\\/nguyentrongpho.com\\/storage\\/photos\\/shares\\/202203\\/demo02.jpeg\"},\"discount\":0,\"tax\":126,\"subtotal\":1200},\"2ce60c036bb2a93399e805b26564a255\":{\"rowId\":\"2ce60c036bb2a93399e805b26564a255\",\"id\":\"id29\",\"name\":\"S\\u1ea3n ph\\u1ea9m demo 01\",\"qty\":2,\"price\":500,\"weight\":0,\"options\":{\"img\":\"https:\\/\\/nguyentrongpho.com\\/storage\\/photos\\/shares\\/202203\\/demo01.jpeg\"},\"discount\":0,\"tax\":105,\"subtotal\":1000}}'),
(11, 5, 'pay_method', 'cod'),
(12, 5, 'order_description', '2 x Sản phẩm demo 02 + 2 x Sản phẩm demo 01'),
(13, 6, 'price', '52200'),
(14, 6, 'qty', '4'),
(15, 6, 'cart', '{\"bd6b39fceb1c6a17cfc51558021f3e02\":{\"rowId\":\"bd6b39fceb1c6a17cfc51558021f3e02\",\"id\":\"id30\",\"name\":\"S\\u1ea3n ph\\u1ea9m demo 02\",\"qty\":2,\"price\":600,\"weight\":0,\"options\":{\"img\":\"https:\\/\\/nguyentrongpho.com\\/storage\\/photos\\/shares\\/202203\\/demo02.jpeg\"},\"discount\":0,\"tax\":126,\"subtotal\":1200},\"2ce60c036bb2a93399e805b26564a255\":{\"rowId\":\"2ce60c036bb2a93399e805b26564a255\",\"id\":\"id29\",\"name\":\"S\\u1ea3n ph\\u1ea9m demo 01\",\"qty\":2,\"price\":500,\"weight\":0,\"options\":{\"img\":\"https:\\/\\/nguyentrongpho.com\\/storage\\/photos\\/shares\\/202203\\/demo01.jpeg\"},\"discount\":0,\"tax\":105,\"subtotal\":1000}}'),
(16, 6, 'pay_method', 'cod'),
(17, 6, 'order_description', '2 x Sản phẩm demo 02 + 2 x Sản phẩm demo 01'),
(18, 7, 'price', '52200'),
(19, 7, 'qty', '4'),
(20, 7, 'cart', '{\"bd6b39fceb1c6a17cfc51558021f3e02\":{\"rowId\":\"bd6b39fceb1c6a17cfc51558021f3e02\",\"id\":\"id30\",\"name\":\"S\\u1ea3n ph\\u1ea9m demo 02\",\"qty\":2,\"price\":600,\"weight\":0,\"options\":{\"img\":\"https:\\/\\/nguyentrongpho.com\\/storage\\/photos\\/shares\\/202203\\/demo02.jpeg\"},\"discount\":0,\"tax\":126,\"subtotal\":1200},\"2ce60c036bb2a93399e805b26564a255\":{\"rowId\":\"2ce60c036bb2a93399e805b26564a255\",\"id\":\"id29\",\"name\":\"S\\u1ea3n ph\\u1ea9m demo 01\",\"qty\":2,\"price\":500,\"weight\":0,\"options\":{\"img\":\"https:\\/\\/nguyentrongpho.com\\/storage\\/photos\\/shares\\/202203\\/demo01.jpeg\"},\"discount\":0,\"tax\":105,\"subtotal\":1000}}'),
(21, 7, 'pay_method', 'cod'),
(22, 7, 'order_description', '2 x Sản phẩm demo 02 + 2 x Sản phẩm demo 01'),
(23, 8, 'price', '52200'),
(24, 8, 'qty', '4'),
(25, 8, 'cart', '{\"bd6b39fceb1c6a17cfc51558021f3e02\":{\"rowId\":\"bd6b39fceb1c6a17cfc51558021f3e02\",\"id\":\"id30\",\"name\":\"S\\u1ea3n ph\\u1ea9m demo 02\",\"qty\":2,\"price\":600,\"weight\":0,\"options\":{\"img\":\"https:\\/\\/nguyentrongpho.com\\/storage\\/photos\\/shares\\/202203\\/demo02.jpeg\"},\"discount\":0,\"tax\":126,\"subtotal\":1200},\"2ce60c036bb2a93399e805b26564a255\":{\"rowId\":\"2ce60c036bb2a93399e805b26564a255\",\"id\":\"id29\",\"name\":\"S\\u1ea3n ph\\u1ea9m demo 01\",\"qty\":2,\"price\":500,\"weight\":0,\"options\":{\"img\":\"https:\\/\\/nguyentrongpho.com\\/storage\\/photos\\/shares\\/202203\\/demo01.jpeg\"},\"discount\":0,\"tax\":105,\"subtotal\":1000}}'),
(26, 8, 'pay_method', 'cod'),
(27, 8, 'order_description', '2 x Sản phẩm demo 02 + 2 x Sản phẩm demo 01'),
(28, 9, 'price', '51700'),
(29, 9, 'qty', '3'),
(30, 9, 'cart', '{\"bd6b39fceb1c6a17cfc51558021f3e02\":{\"rowId\":\"bd6b39fceb1c6a17cfc51558021f3e02\",\"id\":\"id30\",\"name\":\"S\\u1ea3n ph\\u1ea9m demo 02\",\"qty\":2,\"price\":600,\"weight\":0,\"options\":{\"img\":\"https:\\/\\/nguyentrongpho.com\\/storage\\/photos\\/shares\\/202203\\/demo02.jpeg\"},\"discount\":0,\"tax\":126,\"subtotal\":1200},\"2ce60c036bb2a93399e805b26564a255\":{\"rowId\":\"2ce60c036bb2a93399e805b26564a255\",\"id\":\"id29\",\"name\":\"S\\u1ea3n ph\\u1ea9m demo 01\",\"qty\":1,\"price\":500,\"weight\":0,\"options\":{\"img\":\"https:\\/\\/nguyentrongpho.com\\/storage\\/photos\\/shares\\/202203\\/demo01.jpeg\"},\"discount\":0,\"tax\":105,\"subtotal\":500}}'),
(31, 9, 'pay_method', 'cod'),
(32, 9, 'pay_method_label', 'Thanh toán tiền mặt khi giao hàng'),
(33, 9, 'order_description', '2 x Sản phẩm demo 02 + 1 x Sản phẩm demo 01'),
(34, 10, 'fee_ship', '50000'),
(35, 10, 'price', '51700'),
(36, 10, 'qty', '3'),
(37, 10, 'cart', '{\"bd6b39fceb1c6a17cfc51558021f3e02\":{\"rowId\":\"bd6b39fceb1c6a17cfc51558021f3e02\",\"id\":\"id30\",\"name\":\"S\\u1ea3n ph\\u1ea9m demo 02\",\"qty\":2,\"price\":600,\"weight\":0,\"options\":{\"img\":\"https:\\/\\/nguyentrongpho.com\\/storage\\/photos\\/shares\\/202203\\/demo02.jpeg\"},\"discount\":0,\"tax\":126,\"subtotal\":1200},\"2ce60c036bb2a93399e805b26564a255\":{\"rowId\":\"2ce60c036bb2a93399e805b26564a255\",\"id\":\"id29\",\"name\":\"S\\u1ea3n ph\\u1ea9m demo 01\",\"qty\":1,\"price\":500,\"weight\":0,\"options\":{\"img\":\"https:\\/\\/nguyentrongpho.com\\/storage\\/photos\\/shares\\/202203\\/demo01.jpeg\"},\"discount\":0,\"tax\":105,\"subtotal\":500}}'),
(38, 10, 'pay_method', 'cod'),
(39, 10, 'pay_method_label', 'Thanh toán tiền mặt khi giao hàng'),
(40, 10, 'order_description', '2 x Sản phẩm demo 02 + 1 x Sản phẩm demo 01'),
(41, 11, 'fee_ship', '50000'),
(42, 11, 'price', '51600'),
(43, 11, 'qty', '3'),
(44, 11, 'cart', '{\"e9f5cd20fd72be3cd779dbc522d0cf20\":{\"rowId\":\"e9f5cd20fd72be3cd779dbc522d0cf20\",\"id\":\"id30\",\"name\":\"S\\u1ea3n ph\\u1ea9m demo 02\",\"qty\":1,\"price\":600,\"weight\":0,\"options\":{\"img\":\"https:\\/\\/nguyentrongpho.com\\/storage\\/photos\\/shares\\/202203\\/demo02.jpeg\",\"url\":\"https:\\/\\/nguyentrongpho.com\\/san-pham-demo-02\"},\"discount\":0,\"tax\":126,\"subtotal\":600},\"ecf64e345d93aa1ab62ee9a6f5e994ca\":{\"rowId\":\"ecf64e345d93aa1ab62ee9a6f5e994ca\",\"id\":\"id29\",\"name\":\"S\\u1ea3n ph\\u1ea9m demo 01\",\"qty\":2,\"price\":500,\"weight\":0,\"options\":{\"img\":\"https:\\/\\/nguyentrongpho.com\\/storage\\/photos\\/shares\\/202203\\/demo01.jpeg\",\"url\":\"https:\\/\\/nguyentrongpho.com\\/san-pham-demo-01\"},\"discount\":0,\"tax\":105,\"subtotal\":1000}}'),
(45, 11, 'pay_method', 'cod'),
(46, 11, 'pay_method_label', 'Thanh toán tiền mặt khi giao hàng'),
(47, 11, 'order_description', '1 x Sản phẩm demo 02 + 2 x Sản phẩm demo 01'),
(48, 12, 'fee_ship', '50000'),
(49, 12, 'price', '51700'),
(50, 12, 'qty', '3'),
(51, 12, 'cart', '{\"e9f5cd20fd72be3cd779dbc522d0cf20\":{\"rowId\":\"e9f5cd20fd72be3cd779dbc522d0cf20\",\"id\":\"id30\",\"name\":\"S\\u1ea3n ph\\u1ea9m demo 02\",\"qty\":2,\"price\":600,\"weight\":0,\"options\":{\"img\":\"https:\\/\\/nguyentrongpho.com\\/storage\\/photos\\/shares\\/202203\\/demo02.jpeg\",\"url\":\"https:\\/\\/nguyentrongpho.com\\/san-pham-demo-02\"},\"discount\":0,\"tax\":126,\"subtotal\":1200},\"ecf64e345d93aa1ab62ee9a6f5e994ca\":{\"rowId\":\"ecf64e345d93aa1ab62ee9a6f5e994ca\",\"id\":\"id29\",\"name\":\"S\\u1ea3n ph\\u1ea9m demo 01\",\"qty\":1,\"price\":500,\"weight\":0,\"options\":{\"img\":\"https:\\/\\/nguyentrongpho.com\\/storage\\/photos\\/shares\\/202203\\/demo01.jpeg\",\"url\":\"https:\\/\\/nguyentrongpho.com\\/san-pham-demo-01\"},\"discount\":0,\"tax\":105,\"subtotal\":500}}'),
(52, 12, 'pay_method', 'cod'),
(53, 12, 'pay_method_label', 'Thanh toán tiền mặt khi giao hàng'),
(54, 12, 'order_description', '2 x Sản phẩm demo 02 + 1 x Sản phẩm demo 01'),
(55, 13, 'fee_ship', '50000'),
(56, 13, 'price', '51700'),
(57, 13, 'qty', '3'),
(58, 13, 'cart', '{\"e9f5cd20fd72be3cd779dbc522d0cf20\":{\"rowId\":\"e9f5cd20fd72be3cd779dbc522d0cf20\",\"id\":\"id30\",\"name\":\"S\\u1ea3n ph\\u1ea9m demo 02\",\"qty\":2,\"price\":600,\"weight\":0,\"options\":{\"img\":\"https:\\/\\/nguyentrongpho.com\\/storage\\/photos\\/shares\\/202203\\/demo02.jpeg\",\"url\":\"https:\\/\\/nguyentrongpho.com\\/san-pham-demo-02\"},\"discount\":0,\"tax\":126,\"subtotal\":1200},\"ecf64e345d93aa1ab62ee9a6f5e994ca\":{\"rowId\":\"ecf64e345d93aa1ab62ee9a6f5e994ca\",\"id\":\"id29\",\"name\":\"S\\u1ea3n ph\\u1ea9m demo 01\",\"qty\":1,\"price\":500,\"weight\":0,\"options\":{\"img\":\"https:\\/\\/nguyentrongpho.com\\/storage\\/photos\\/shares\\/202203\\/demo01.jpeg\",\"url\":\"https:\\/\\/nguyentrongpho.com\\/san-pham-demo-01\"},\"discount\":0,\"tax\":105,\"subtotal\":500}}'),
(59, 13, 'pay_method', 'cod'),
(60, 13, 'pay_method_label', 'Thanh toán tiền mặt khi giao hàng'),
(61, 13, 'order_description', '2 x Sản phẩm demo 02 + 1 x Sản phẩm demo 01'),
(62, 14, 'fee_ship', '50000'),
(63, 14, 'price', '51700'),
(64, 14, 'qty', '3'),
(65, 14, 'cart', '{\"e9f5cd20fd72be3cd779dbc522d0cf20\":{\"rowId\":\"e9f5cd20fd72be3cd779dbc522d0cf20\",\"id\":\"id30\",\"name\":\"S\\u1ea3n ph\\u1ea9m demo 02\",\"qty\":2,\"price\":600,\"weight\":0,\"options\":{\"img\":\"https:\\/\\/nguyentrongpho.com\\/storage\\/photos\\/shares\\/202203\\/demo02.jpeg\",\"url\":\"https:\\/\\/nguyentrongpho.com\\/san-pham-demo-02\"},\"discount\":0,\"tax\":126,\"subtotal\":1200},\"ecf64e345d93aa1ab62ee9a6f5e994ca\":{\"rowId\":\"ecf64e345d93aa1ab62ee9a6f5e994ca\",\"id\":\"id29\",\"name\":\"S\\u1ea3n ph\\u1ea9m demo 01\",\"qty\":1,\"price\":500,\"weight\":0,\"options\":{\"img\":\"https:\\/\\/nguyentrongpho.com\\/storage\\/photos\\/shares\\/202203\\/demo01.jpeg\",\"url\":\"https:\\/\\/nguyentrongpho.com\\/san-pham-demo-01\"},\"discount\":0,\"tax\":105,\"subtotal\":500}}'),
(66, 14, 'pay_method', 'cod'),
(67, 14, 'pay_method_label', 'Thanh toán tiền mặt khi giao hàng'),
(68, 14, 'order_description', '2 x Sản phẩm demo 02 + 1 x Sản phẩm demo 01'),
(69, 15, 'fee_ship', '50000'),
(70, 15, 'price', '53300'),
(71, 15, 'qty', '6'),
(72, 15, 'cart', '{\"c1e653c5fe3ad8c5fa6f07b4a34fbca0\":{\"rowId\":\"c1e653c5fe3ad8c5fa6f07b4a34fbca0\",\"id\":30,\"name\":\"S\\u1ea3n ph\\u1ea9m demo 02\",\"qty\":3,\"price\":600,\"weight\":0,\"options\":{\"img\":\"https:\\/\\/nguyentrongpho.com\\/storage\\/photos\\/shares\\/202203\\/demo02.jpeg\",\"url\":\"https:\\/\\/nguyentrongpho.com\\/san-pham-demo-02\"},\"discount\":0,\"tax\":126,\"subtotal\":1800},\"6e80c497710d1561c24d982153642480\":{\"rowId\":\"6e80c497710d1561c24d982153642480\",\"id\":29,\"name\":\"S\\u1ea3n ph\\u1ea9m demo 01\",\"qty\":3,\"price\":500,\"weight\":0,\"options\":{\"img\":\"https:\\/\\/nguyentrongpho.com\\/storage\\/photos\\/shares\\/202203\\/demo01.jpeg\",\"url\":\"https:\\/\\/nguyentrongpho.com\\/san-pham-demo-01\"},\"discount\":0,\"tax\":105,\"subtotal\":1500}}'),
(73, 15, 'pay_method', 'cod'),
(74, 15, 'pay_method_label', 'Thanh toán tiền mặt khi giao hàng'),
(75, 15, 'order_description', '3 x Sản phẩm demo 02 + 3 x Sản phẩm demo 01'),
(76, 16, 'fee_ship', '50000'),
(77, 16, 'price', '51600'),
(78, 16, 'qty', '3'),
(79, 16, 'cart', '{\"c1e653c5fe3ad8c5fa6f07b4a34fbca0\":{\"rowId\":\"c1e653c5fe3ad8c5fa6f07b4a34fbca0\",\"id\":30,\"name\":\"S\\u1ea3n ph\\u1ea9m demo 02\",\"qty\":1,\"price\":600,\"weight\":0,\"options\":{\"img\":\"https:\\/\\/nguyentrongpho.com\\/storage\\/photos\\/shares\\/202203\\/demo02.jpeg\",\"url\":\"https:\\/\\/nguyentrongpho.com\\/san-pham-demo-02\"},\"discount\":0,\"tax\":126,\"subtotal\":600},\"6e80c497710d1561c24d982153642480\":{\"rowId\":\"6e80c497710d1561c24d982153642480\",\"id\":29,\"name\":\"S\\u1ea3n ph\\u1ea9m demo 01\",\"qty\":2,\"price\":500,\"weight\":0,\"options\":{\"img\":\"https:\\/\\/nguyentrongpho.com\\/storage\\/photos\\/shares\\/202203\\/demo01.jpeg\",\"url\":\"https:\\/\\/nguyentrongpho.com\\/san-pham-demo-01\"},\"discount\":0,\"tax\":105,\"subtotal\":1000}}'),
(80, 16, 'pay_method', 'cod'),
(81, 16, 'pay_method_label', 'Thanh toán tiền mặt khi giao hàng'),
(82, 16, 'order_description', '1 x Sản phẩm demo 02 + 2 x Sản phẩm demo 01'),
(83, 17, 'fee_ship', '50000'),
(84, 17, 'price', '51100'),
(85, 17, 'qty', '2'),
(86, 17, 'cart', '{\"c1e653c5fe3ad8c5fa6f07b4a34fbca0\":{\"rowId\":\"c1e653c5fe3ad8c5fa6f07b4a34fbca0\",\"id\":30,\"name\":\"S\\u1ea3n ph\\u1ea9m demo 02\",\"qty\":1,\"price\":600,\"weight\":0,\"options\":{\"img\":\"https:\\/\\/nguyentrongpho.com\\/storage\\/photos\\/shares\\/202203\\/demo02.jpeg\",\"url\":\"https:\\/\\/nguyentrongpho.com\\/san-pham-demo-02\"},\"discount\":0,\"tax\":126,\"subtotal\":600},\"6e80c497710d1561c24d982153642480\":{\"rowId\":\"6e80c497710d1561c24d982153642480\",\"id\":29,\"name\":\"S\\u1ea3n ph\\u1ea9m demo 01\",\"qty\":1,\"price\":500,\"weight\":0,\"options\":{\"img\":\"https:\\/\\/nguyentrongpho.com\\/storage\\/photos\\/shares\\/202203\\/demo01.jpeg\",\"url\":\"https:\\/\\/nguyentrongpho.com\\/san-pham-demo-01\"},\"discount\":0,\"tax\":105,\"subtotal\":500}}'),
(87, 17, 'pay_method', 'pm_gwnl'),
(88, 18, 'fee_ship', '50000'),
(89, 18, 'price', '51100'),
(90, 18, 'qty', '2'),
(91, 18, 'cart', '{\"c1e653c5fe3ad8c5fa6f07b4a34fbca0\":{\"rowId\":\"c1e653c5fe3ad8c5fa6f07b4a34fbca0\",\"id\":30,\"name\":\"S\\u1ea3n ph\\u1ea9m demo 02\",\"qty\":1,\"price\":600,\"weight\":0,\"options\":{\"img\":\"https:\\/\\/nguyentrongpho.com\\/storage\\/photos\\/shares\\/202203\\/demo02.jpeg\",\"url\":\"https:\\/\\/nguyentrongpho.com\\/san-pham-demo-02\"},\"discount\":0,\"tax\":126,\"subtotal\":600},\"6e80c497710d1561c24d982153642480\":{\"rowId\":\"6e80c497710d1561c24d982153642480\",\"id\":29,\"name\":\"S\\u1ea3n ph\\u1ea9m demo 01\",\"qty\":1,\"price\":500,\"weight\":0,\"options\":{\"img\":\"https:\\/\\/nguyentrongpho.com\\/storage\\/photos\\/shares\\/202203\\/demo01.jpeg\",\"url\":\"https:\\/\\/nguyentrongpho.com\\/san-pham-demo-01\"},\"discount\":0,\"tax\":105,\"subtotal\":500}}'),
(92, 18, 'pay_method', 'pm_gwnl'),
(93, 19, 'fee_ship', '50000'),
(94, 19, 'price', '51100'),
(95, 19, 'qty', '2'),
(96, 19, 'cart', '{\"c1e653c5fe3ad8c5fa6f07b4a34fbca0\":{\"rowId\":\"c1e653c5fe3ad8c5fa6f07b4a34fbca0\",\"id\":30,\"name\":\"S\\u1ea3n ph\\u1ea9m demo 02\",\"qty\":1,\"price\":600,\"weight\":0,\"options\":{\"img\":\"https:\\/\\/nguyentrongpho.com\\/storage\\/photos\\/shares\\/202203\\/demo02.jpeg\",\"url\":\"https:\\/\\/nguyentrongpho.com\\/san-pham-demo-02\"},\"discount\":0,\"tax\":126,\"subtotal\":600},\"6e80c497710d1561c24d982153642480\":{\"rowId\":\"6e80c497710d1561c24d982153642480\",\"id\":29,\"name\":\"S\\u1ea3n ph\\u1ea9m demo 01\",\"qty\":1,\"price\":500,\"weight\":0,\"options\":{\"img\":\"https:\\/\\/nguyentrongpho.com\\/storage\\/photos\\/shares\\/202203\\/demo01.jpeg\",\"url\":\"https:\\/\\/nguyentrongpho.com\\/san-pham-demo-01\"},\"discount\":0,\"tax\":105,\"subtotal\":500}}'),
(97, 19, 'pay_method', 'pm_gwnl'),
(98, 20, 'fee_ship', '50000'),
(99, 20, 'price', '51100'),
(100, 20, 'qty', '2'),
(101, 20, 'cart', '{\"c1e653c5fe3ad8c5fa6f07b4a34fbca0\":{\"rowId\":\"c1e653c5fe3ad8c5fa6f07b4a34fbca0\",\"id\":30,\"name\":\"S\\u1ea3n ph\\u1ea9m demo 02\",\"qty\":1,\"price\":600,\"weight\":0,\"options\":{\"img\":\"https:\\/\\/nguyentrongpho.com\\/storage\\/photos\\/shares\\/202203\\/demo02.jpeg\",\"url\":\"https:\\/\\/nguyentrongpho.com\\/san-pham-demo-02\"},\"discount\":0,\"tax\":126,\"subtotal\":600},\"6e80c497710d1561c24d982153642480\":{\"rowId\":\"6e80c497710d1561c24d982153642480\",\"id\":29,\"name\":\"S\\u1ea3n ph\\u1ea9m demo 01\",\"qty\":1,\"price\":500,\"weight\":0,\"options\":{\"img\":\"https:\\/\\/nguyentrongpho.com\\/storage\\/photos\\/shares\\/202203\\/demo01.jpeg\",\"url\":\"https:\\/\\/nguyentrongpho.com\\/san-pham-demo-01\"},\"discount\":0,\"tax\":105,\"subtotal\":500}}'),
(102, 20, 'pay_method', 'pm_gwnl'),
(103, 20, 'pay_method_label', 'Thanh toán online cổng ngân lượng'),
(104, 20, 'order_description', '1 x Sản phẩm demo 02 + 1 x Sản phẩm demo 01'),
(105, 21, 'fee_ship', '50000'),
(106, 21, 'price', '50000'),
(107, 21, 'qty', '0'),
(108, 21, 'cart', '[]'),
(109, 21, 'pay_method', 'pm_gwnl'),
(110, 21, 'pay_method_label', 'Thanh toán online cổng ngân lượng'),
(111, 21, 'order_description', ''),
(112, 22, 'fee_ship', '50000'),
(113, 22, 'price', '50000'),
(114, 22, 'qty', '0'),
(115, 22, 'cart', '[]'),
(116, 22, 'pay_method', 'pm_gwnl'),
(117, 22, 'pay_method_label', 'Thanh toán online cổng ngân lượng'),
(118, 22, 'order_description', ''),
(119, 23, 'fee_ship', '50000'),
(120, 23, 'price', '50000'),
(121, 23, 'qty', '0'),
(122, 23, 'cart', '[]'),
(123, 23, 'pay_method', 'pm_gwnl'),
(124, 23, 'pay_method_label', 'Thanh toán online cổng ngân lượng'),
(125, 23, 'order_description', ''),
(126, 24, 'fee_ship', '50000'),
(127, 24, 'price', '51100'),
(128, 24, 'qty', '2'),
(129, 24, 'cart', '{\"c1e653c5fe3ad8c5fa6f07b4a34fbca0\":{\"rowId\":\"c1e653c5fe3ad8c5fa6f07b4a34fbca0\",\"id\":30,\"name\":\"S\\u1ea3n ph\\u1ea9m demo 02\",\"qty\":1,\"price\":600,\"weight\":0,\"options\":{\"img\":\"https:\\/\\/nguyentrongpho.com\\/storage\\/photos\\/shares\\/202203\\/demo02.jpeg\",\"url\":\"https:\\/\\/nguyentrongpho.com\\/san-pham-demo-02\"},\"discount\":0,\"tax\":126,\"subtotal\":600},\"6e80c497710d1561c24d982153642480\":{\"rowId\":\"6e80c497710d1561c24d982153642480\",\"id\":29,\"name\":\"S\\u1ea3n ph\\u1ea9m demo 01\",\"qty\":1,\"price\":500,\"weight\":0,\"options\":{\"img\":\"https:\\/\\/nguyentrongpho.com\\/storage\\/photos\\/shares\\/202203\\/demo01.jpeg\",\"url\":\"https:\\/\\/nguyentrongpho.com\\/san-pham-demo-01\"},\"discount\":0,\"tax\":105,\"subtotal\":500}}'),
(130, 24, 'pay_method', 'pm_gwnl'),
(131, 24, 'pay_method_label', 'Thanh toán online cổng ngân lượng'),
(132, 24, 'order_description', '1 x Sản phẩm demo 02 + 1 x Sản phẩm demo 01'),
(133, 25, 'fee_ship', '50000'),
(134, 25, 'price', '51100'),
(135, 25, 'qty', '2'),
(136, 25, 'cart', '{\"c1e653c5fe3ad8c5fa6f07b4a34fbca0\":{\"rowId\":\"c1e653c5fe3ad8c5fa6f07b4a34fbca0\",\"id\":30,\"name\":\"S\\u1ea3n ph\\u1ea9m demo 02\",\"qty\":1,\"price\":600,\"weight\":0,\"options\":{\"img\":\"https:\\/\\/nguyentrongpho.com\\/storage\\/photos\\/shares\\/202203\\/demo02.jpeg\",\"url\":\"https:\\/\\/nguyentrongpho.com\\/san-pham-demo-02\"},\"discount\":0,\"tax\":126,\"subtotal\":600},\"6e80c497710d1561c24d982153642480\":{\"rowId\":\"6e80c497710d1561c24d982153642480\",\"id\":29,\"name\":\"S\\u1ea3n ph\\u1ea9m demo 01\",\"qty\":1,\"price\":500,\"weight\":0,\"options\":{\"img\":\"https:\\/\\/nguyentrongpho.com\\/storage\\/photos\\/shares\\/202203\\/demo01.jpeg\",\"url\":\"https:\\/\\/nguyentrongpho.com\\/san-pham-demo-01\"},\"discount\":0,\"tax\":105,\"subtotal\":500}}'),
(137, 25, 'pay_method', 'pm_gwnl'),
(138, 25, 'pay_method_label', 'Thanh toán online cổng ngân lượng'),
(139, 25, 'order_description', '1 x Sản phẩm demo 02 + 1 x Sản phẩm demo 01'),
(140, 26, 'fee_ship', '50000'),
(141, 26, 'price', '51100'),
(142, 26, 'qty', '2'),
(143, 26, 'cart', '{\"c1e653c5fe3ad8c5fa6f07b4a34fbca0\":{\"rowId\":\"c1e653c5fe3ad8c5fa6f07b4a34fbca0\",\"id\":30,\"name\":\"S\\u1ea3n ph\\u1ea9m demo 02\",\"qty\":1,\"price\":600,\"weight\":0,\"options\":{\"img\":\"https:\\/\\/nguyentrongpho.com\\/storage\\/photos\\/shares\\/202203\\/demo02.jpeg\",\"url\":\"https:\\/\\/nguyentrongpho.com\\/san-pham-demo-02\"},\"discount\":0,\"tax\":126,\"subtotal\":600},\"6e80c497710d1561c24d982153642480\":{\"rowId\":\"6e80c497710d1561c24d982153642480\",\"id\":29,\"name\":\"S\\u1ea3n ph\\u1ea9m demo 01\",\"qty\":1,\"price\":500,\"weight\":0,\"options\":{\"img\":\"https:\\/\\/nguyentrongpho.com\\/storage\\/photos\\/shares\\/202203\\/demo01.jpeg\",\"url\":\"https:\\/\\/nguyentrongpho.com\\/san-pham-demo-01\"},\"discount\":0,\"tax\":105,\"subtotal\":500}}'),
(144, 26, 'pay_method', 'pm_gwnl'),
(145, 26, 'pay_method_label', 'Thanh toán online cổng ngân lượng'),
(146, 26, 'order_description', '1 x Sản phẩm demo 02 + 1 x Sản phẩm demo 01'),
(147, 27, 'fee_ship', '50000'),
(148, 27, 'price', '51700'),
(149, 27, 'qty', '3'),
(150, 27, 'cart', '{\"c1e653c5fe3ad8c5fa6f07b4a34fbca0\":{\"rowId\":\"c1e653c5fe3ad8c5fa6f07b4a34fbca0\",\"id\":30,\"name\":\"S\\u1ea3n ph\\u1ea9m demo 02\",\"qty\":2,\"price\":600,\"weight\":0,\"options\":{\"img\":\"https:\\/\\/nguyentrongpho.com\\/storage\\/photos\\/shares\\/202203\\/demo02.jpeg\",\"url\":\"https:\\/\\/nguyentrongpho.com\\/san-pham-demo-02\"},\"discount\":0,\"tax\":126,\"subtotal\":1200},\"6e80c497710d1561c24d982153642480\":{\"rowId\":\"6e80c497710d1561c24d982153642480\",\"id\":29,\"name\":\"S\\u1ea3n ph\\u1ea9m demo 01\",\"qty\":1,\"price\":500,\"weight\":0,\"options\":{\"img\":\"https:\\/\\/nguyentrongpho.com\\/storage\\/photos\\/shares\\/202203\\/demo01.jpeg\",\"url\":\"https:\\/\\/nguyentrongpho.com\\/san-pham-demo-01\"},\"discount\":0,\"tax\":105,\"subtotal\":500}}'),
(151, 27, 'pay_method', 'pm_gwnl'),
(152, 27, 'pay_method_label', 'Thanh toán online cổng ngân lượng'),
(153, 27, 'order_description', '2 x Sản phẩm demo 02 + 1 x Sản phẩm demo 01'),
(154, 28, 'fee_ship', '50000'),
(155, 28, 'price', '51100'),
(156, 28, 'qty', '2'),
(157, 28, 'cart', '{\"c1e653c5fe3ad8c5fa6f07b4a34fbca0\":{\"rowId\":\"c1e653c5fe3ad8c5fa6f07b4a34fbca0\",\"id\":30,\"name\":\"S\\u1ea3n ph\\u1ea9m demo 02\",\"qty\":1,\"price\":600,\"weight\":0,\"options\":{\"img\":\"https:\\/\\/nguyentrongpho.com\\/storage\\/photos\\/shares\\/202203\\/demo02.jpeg\",\"url\":\"https:\\/\\/nguyentrongpho.com\\/san-pham-demo-02\"},\"discount\":0,\"tax\":126,\"subtotal\":600},\"6e80c497710d1561c24d982153642480\":{\"rowId\":\"6e80c497710d1561c24d982153642480\",\"id\":29,\"name\":\"S\\u1ea3n ph\\u1ea9m demo 01\",\"qty\":1,\"price\":500,\"weight\":0,\"options\":{\"img\":\"https:\\/\\/nguyentrongpho.com\\/storage\\/photos\\/shares\\/202203\\/demo01.jpeg\",\"url\":\"https:\\/\\/nguyentrongpho.com\\/san-pham-demo-01\"},\"discount\":0,\"tax\":105,\"subtotal\":500}}'),
(158, 28, 'pay_method', 'pm_gwnl'),
(159, 28, 'pay_method_label', 'Thanh toán online cổng ngân lượng'),
(160, 28, 'order_description', '1 x Sản phẩm demo 02 + 1 x Sản phẩm demo 01'),
(161, 29, 'fee_ship', '50000'),
(162, 29, 'price', '51100'),
(163, 29, 'qty', '2'),
(164, 29, 'cart', '{\"c1e653c5fe3ad8c5fa6f07b4a34fbca0\":{\"rowId\":\"c1e653c5fe3ad8c5fa6f07b4a34fbca0\",\"id\":30,\"name\":\"S\\u1ea3n ph\\u1ea9m demo 02\",\"qty\":1,\"price\":600,\"weight\":0,\"options\":{\"img\":\"https:\\/\\/nguyentrongpho.com\\/storage\\/photos\\/shares\\/202203\\/demo02.jpeg\",\"url\":\"https:\\/\\/nguyentrongpho.com\\/san-pham-demo-02\"},\"discount\":0,\"tax\":126,\"subtotal\":600},\"6e80c497710d1561c24d982153642480\":{\"rowId\":\"6e80c497710d1561c24d982153642480\",\"id\":29,\"name\":\"S\\u1ea3n ph\\u1ea9m demo 01\",\"qty\":1,\"price\":500,\"weight\":0,\"options\":{\"img\":\"https:\\/\\/nguyentrongpho.com\\/storage\\/photos\\/shares\\/202203\\/demo01.jpeg\",\"url\":\"https:\\/\\/nguyentrongpho.com\\/san-pham-demo-01\"},\"discount\":0,\"tax\":105,\"subtotal\":500}}'),
(165, 29, 'pay_method', 'pm_gwnl'),
(166, 29, 'pay_method_label', 'Thanh toán online cổng ngân lượng'),
(167, 29, 'order_description', '1 x Sản phẩm demo 02 + 1 x Sản phẩm demo 01'),
(168, 30, 'fee_ship', '50000'),
(169, 30, 'price', '51100'),
(170, 30, 'qty', '2'),
(171, 30, 'cart', '{\"c1e653c5fe3ad8c5fa6f07b4a34fbca0\":{\"rowId\":\"c1e653c5fe3ad8c5fa6f07b4a34fbca0\",\"id\":30,\"name\":\"S\\u1ea3n ph\\u1ea9m demo 02\",\"qty\":1,\"price\":600,\"weight\":0,\"options\":{\"img\":\"https:\\/\\/nguyentrongpho.com\\/storage\\/photos\\/shares\\/202203\\/demo02.jpeg\",\"url\":\"https:\\/\\/nguyentrongpho.com\\/san-pham-demo-02\"},\"discount\":0,\"tax\":126,\"subtotal\":600},\"6e80c497710d1561c24d982153642480\":{\"rowId\":\"6e80c497710d1561c24d982153642480\",\"id\":29,\"name\":\"S\\u1ea3n ph\\u1ea9m demo 01\",\"qty\":1,\"price\":500,\"weight\":0,\"options\":{\"img\":\"https:\\/\\/nguyentrongpho.com\\/storage\\/photos\\/shares\\/202203\\/demo01.jpeg\",\"url\":\"https:\\/\\/nguyentrongpho.com\\/san-pham-demo-01\"},\"discount\":0,\"tax\":105,\"subtotal\":500}}'),
(172, 30, 'pay_method', 'pm_gwnl'),
(173, 30, 'pay_method_label', 'Thanh toán online cổng ngân lượng'),
(174, 30, 'order_description', '1 x Sản phẩm demo 02 + 1 x Sản phẩm demo 01'),
(175, 31, 'fee_ship', '50000'),
(176, 31, 'price', '51100'),
(177, 31, 'qty', '2'),
(178, 31, 'cart', '{\"c1e653c5fe3ad8c5fa6f07b4a34fbca0\":{\"rowId\":\"c1e653c5fe3ad8c5fa6f07b4a34fbca0\",\"id\":30,\"name\":\"S\\u1ea3n ph\\u1ea9m demo 02\",\"qty\":1,\"price\":600,\"weight\":0,\"options\":{\"img\":\"https:\\/\\/nguyentrongpho.com\\/storage\\/photos\\/shares\\/202203\\/demo02.jpeg\",\"url\":\"https:\\/\\/nguyentrongpho.com\\/san-pham-demo-02\"},\"discount\":0,\"tax\":126,\"subtotal\":600},\"6e80c497710d1561c24d982153642480\":{\"rowId\":\"6e80c497710d1561c24d982153642480\",\"id\":29,\"name\":\"S\\u1ea3n ph\\u1ea9m demo 01\",\"qty\":1,\"price\":500,\"weight\":0,\"options\":{\"img\":\"https:\\/\\/nguyentrongpho.com\\/storage\\/photos\\/shares\\/202203\\/demo01.jpeg\",\"url\":\"https:\\/\\/nguyentrongpho.com\\/san-pham-demo-01\"},\"discount\":0,\"tax\":105,\"subtotal\":500}}'),
(179, 31, 'pay_method', 'pm_gwnl'),
(180, 31, 'pay_method_label', 'Thanh toán online cổng ngân lượng'),
(181, 31, 'order_description', '1 x Sản phẩm demo 02 + 1 x Sản phẩm demo 01'),
(182, 32, 'fee_ship', '50000'),
(183, 32, 'price', '51600'),
(184, 32, 'qty', '3'),
(185, 32, 'cart', '{\"c1e653c5fe3ad8c5fa6f07b4a34fbca0\":{\"rowId\":\"c1e653c5fe3ad8c5fa6f07b4a34fbca0\",\"id\":30,\"name\":\"S\\u1ea3n ph\\u1ea9m demo 02\",\"qty\":1,\"price\":600,\"weight\":0,\"options\":{\"img\":\"https:\\/\\/nguyentrongpho.com\\/storage\\/photos\\/shares\\/202203\\/demo02.jpeg\",\"url\":\"https:\\/\\/nguyentrongpho.com\\/san-pham-demo-02\"},\"discount\":0,\"tax\":126,\"subtotal\":600},\"6e80c497710d1561c24d982153642480\":{\"rowId\":\"6e80c497710d1561c24d982153642480\",\"id\":29,\"name\":\"S\\u1ea3n ph\\u1ea9m demo 01\",\"qty\":2,\"price\":500,\"weight\":0,\"options\":{\"img\":\"https:\\/\\/nguyentrongpho.com\\/storage\\/photos\\/shares\\/202203\\/demo01.jpeg\",\"url\":\"https:\\/\\/nguyentrongpho.com\\/san-pham-demo-01\"},\"discount\":0,\"tax\":105,\"subtotal\":1000}}'),
(186, 32, 'pay_method', 'pm_gwnl'),
(187, 32, 'pay_method_label', 'Thanh toán online cổng ngân lượng'),
(188, 32, 'order_description', '1 x Sản phẩm demo 02 + 2 x Sản phẩm demo 01'),
(189, 33, 'fee_ship', '50000'),
(190, 33, 'price', '51600'),
(191, 33, 'qty', '3'),
(192, 33, 'cart', '{\"c1e653c5fe3ad8c5fa6f07b4a34fbca0\":{\"rowId\":\"c1e653c5fe3ad8c5fa6f07b4a34fbca0\",\"id\":30,\"name\":\"S\\u1ea3n ph\\u1ea9m demo 02\",\"qty\":1,\"price\":600,\"weight\":0,\"options\":{\"img\":\"https:\\/\\/nguyentrongpho.com\\/storage\\/photos\\/shares\\/202203\\/demo02.jpeg\",\"url\":\"https:\\/\\/nguyentrongpho.com\\/san-pham-demo-02\"},\"discount\":0,\"tax\":126,\"subtotal\":600},\"6e80c497710d1561c24d982153642480\":{\"rowId\":\"6e80c497710d1561c24d982153642480\",\"id\":29,\"name\":\"S\\u1ea3n ph\\u1ea9m demo 01\",\"qty\":2,\"price\":500,\"weight\":0,\"options\":{\"img\":\"https:\\/\\/nguyentrongpho.com\\/storage\\/photos\\/shares\\/202203\\/demo01.jpeg\",\"url\":\"https:\\/\\/nguyentrongpho.com\\/san-pham-demo-01\"},\"discount\":0,\"tax\":105,\"subtotal\":1000}}'),
(193, 33, 'pay_method', 'pm_gwnl'),
(194, 33, 'pay_method_label', 'Thanh toán online cổng ngân lượng'),
(195, 33, 'order_description', '1 x Sản phẩm demo 02 + 2 x Sản phẩm demo 01'),
(196, 34, 'fee_ship', '50000'),
(197, 34, 'price', '52200'),
(198, 34, 'qty', '4'),
(199, 34, 'cart', '{\"c1e653c5fe3ad8c5fa6f07b4a34fbca0\":{\"rowId\":\"c1e653c5fe3ad8c5fa6f07b4a34fbca0\",\"id\":30,\"name\":\"S\\u1ea3n ph\\u1ea9m demo 02\",\"qty\":2,\"price\":600,\"weight\":0,\"options\":{\"img\":\"https:\\/\\/nguyentrongpho.com\\/storage\\/photos\\/shares\\/202203\\/demo02.jpeg\",\"url\":\"https:\\/\\/nguyentrongpho.com\\/san-pham-demo-02\"},\"discount\":0,\"tax\":126,\"subtotal\":1200},\"6e80c497710d1561c24d982153642480\":{\"rowId\":\"6e80c497710d1561c24d982153642480\",\"id\":29,\"name\":\"S\\u1ea3n ph\\u1ea9m demo 01\",\"qty\":2,\"price\":500,\"weight\":0,\"options\":{\"img\":\"https:\\/\\/nguyentrongpho.com\\/storage\\/photos\\/shares\\/202203\\/demo01.jpeg\",\"url\":\"https:\\/\\/nguyentrongpho.com\\/san-pham-demo-01\"},\"discount\":0,\"tax\":105,\"subtotal\":1000}}'),
(200, 34, 'pay_method', 'pm_gwnl'),
(201, 34, 'pay_method_label', 'Thanh toán online cổng ngân lượng'),
(202, 34, 'order_description', '2 x Sản phẩm demo 02 + 2 x Sản phẩm demo 01'),
(203, 35, 'fee_ship', '50000'),
(204, 35, 'price', '51100'),
(205, 35, 'qty', '2'),
(206, 35, 'cart', '{\"c1e653c5fe3ad8c5fa6f07b4a34fbca0\":{\"rowId\":\"c1e653c5fe3ad8c5fa6f07b4a34fbca0\",\"id\":30,\"name\":\"S\\u1ea3n ph\\u1ea9m demo 02\",\"qty\":1,\"price\":600,\"weight\":0,\"options\":{\"img\":\"https:\\/\\/nguyentrongpho.com\\/storage\\/photos\\/shares\\/202203\\/demo02.jpeg\",\"url\":\"https:\\/\\/nguyentrongpho.com\\/san-pham-demo-02\"},\"discount\":0,\"tax\":126,\"subtotal\":600},\"6e80c497710d1561c24d982153642480\":{\"rowId\":\"6e80c497710d1561c24d982153642480\",\"id\":29,\"name\":\"S\\u1ea3n ph\\u1ea9m demo 01\",\"qty\":1,\"price\":500,\"weight\":0,\"options\":{\"img\":\"https:\\/\\/nguyentrongpho.com\\/storage\\/photos\\/shares\\/202203\\/demo01.jpeg\",\"url\":\"https:\\/\\/nguyentrongpho.com\\/san-pham-demo-01\"},\"discount\":0,\"tax\":105,\"subtotal\":500}}'),
(207, 35, 'pay_method', 'pm_gwnl'),
(208, 35, 'pay_method_label', 'Thanh toán online cổng ngân lượng'),
(209, 35, 'order_description', '1 x Sản phẩm demo 02 + 1 x Sản phẩm demo 01'),
(210, 36, 'fee_ship', '50000'),
(211, 36, 'price', '52200'),
(212, 36, 'qty', '4'),
(213, 36, 'cart', '{\"c1e653c5fe3ad8c5fa6f07b4a34fbca0\":{\"rowId\":\"c1e653c5fe3ad8c5fa6f07b4a34fbca0\",\"id\":30,\"name\":\"S\\u1ea3n ph\\u1ea9m demo 02\",\"qty\":2,\"price\":600,\"weight\":0,\"options\":{\"img\":\"https:\\/\\/nguyentrongpho.com\\/storage\\/photos\\/shares\\/202203\\/demo02.jpeg\",\"url\":\"https:\\/\\/nguyentrongpho.com\\/san-pham-demo-02\"},\"discount\":0,\"tax\":126,\"subtotal\":1200},\"6e80c497710d1561c24d982153642480\":{\"rowId\":\"6e80c497710d1561c24d982153642480\",\"id\":29,\"name\":\"S\\u1ea3n ph\\u1ea9m demo 01\",\"qty\":2,\"price\":500,\"weight\":0,\"options\":{\"img\":\"https:\\/\\/nguyentrongpho.com\\/storage\\/photos\\/shares\\/202203\\/demo01.jpeg\",\"url\":\"https:\\/\\/nguyentrongpho.com\\/san-pham-demo-01\"},\"discount\":0,\"tax\":105,\"subtotal\":1000}}'),
(214, 36, 'pay_method', 'pm_gwnl'),
(215, 36, 'pay_method_label', 'Thanh toán online cổng ngân lượng'),
(216, 36, 'order_description', '2 x Sản phẩm demo 02 + 2 x Sản phẩm demo 01'),
(217, 37, 'fee_ship', '50000'),
(218, 37, 'price', '51100'),
(219, 37, 'qty', '2'),
(220, 37, 'cart', '{\"c1e653c5fe3ad8c5fa6f07b4a34fbca0\":{\"rowId\":\"c1e653c5fe3ad8c5fa6f07b4a34fbca0\",\"id\":30,\"name\":\"S\\u1ea3n ph\\u1ea9m demo 02\",\"qty\":1,\"price\":600,\"weight\":0,\"options\":{\"img\":\"https:\\/\\/nguyentrongpho.com\\/storage\\/photos\\/shares\\/202203\\/demo02.jpeg\",\"url\":\"https:\\/\\/nguyentrongpho.com\\/san-pham-demo-02\"},\"discount\":0,\"tax\":126,\"subtotal\":600},\"6e80c497710d1561c24d982153642480\":{\"rowId\":\"6e80c497710d1561c24d982153642480\",\"id\":29,\"name\":\"S\\u1ea3n ph\\u1ea9m demo 01\",\"qty\":1,\"price\":500,\"weight\":0,\"options\":{\"img\":\"https:\\/\\/nguyentrongpho.com\\/storage\\/photos\\/shares\\/202203\\/demo01.jpeg\",\"url\":\"https:\\/\\/nguyentrongpho.com\\/san-pham-demo-01\"},\"discount\":0,\"tax\":105,\"subtotal\":500}}'),
(221, 37, 'pay_method', 'pm_gwnl'),
(222, 37, 'pay_method_label', 'Thanh toán online cổng ngân lượng'),
(223, 37, 'order_description', '1 x Sản phẩm demo 02 + 1 x Sản phẩm demo 01'),
(224, 38, 'fee_ship', '50000'),
(225, 38, 'price', '51700'),
(226, 38, 'qty', '3'),
(227, 38, 'cart', '{\"c1e653c5fe3ad8c5fa6f07b4a34fbca0\":{\"rowId\":\"c1e653c5fe3ad8c5fa6f07b4a34fbca0\",\"id\":30,\"name\":\"S\\u1ea3n ph\\u1ea9m demo 02\",\"qty\":2,\"price\":600,\"weight\":0,\"options\":{\"img\":\"https:\\/\\/nguyentrongpho.com\\/storage\\/photos\\/shares\\/202203\\/demo02.jpeg\",\"url\":\"https:\\/\\/nguyentrongpho.com\\/san-pham-demo-02\"},\"discount\":0,\"tax\":126,\"subtotal\":1200},\"6e80c497710d1561c24d982153642480\":{\"rowId\":\"6e80c497710d1561c24d982153642480\",\"id\":29,\"name\":\"S\\u1ea3n ph\\u1ea9m demo 01\",\"qty\":1,\"price\":500,\"weight\":0,\"options\":{\"img\":\"https:\\/\\/nguyentrongpho.com\\/storage\\/photos\\/shares\\/202203\\/demo01.jpeg\",\"url\":\"https:\\/\\/nguyentrongpho.com\\/san-pham-demo-01\"},\"discount\":0,\"tax\":105,\"subtotal\":500}}'),
(228, 38, 'pay_method', 'pm_gwnl'),
(229, 38, 'pay_method_label', 'Thanh toán online cổng ngân lượng'),
(230, 38, 'order_description', '2 x Sản phẩm demo 02 + 1 x Sản phẩm demo 01'),
(231, 39, 'fee_ship', '50000'),
(232, 39, 'price', '51700'),
(233, 39, 'qty', '3'),
(234, 39, 'cart', '{\"c1e653c5fe3ad8c5fa6f07b4a34fbca0\":{\"rowId\":\"c1e653c5fe3ad8c5fa6f07b4a34fbca0\",\"id\":30,\"name\":\"S\\u1ea3n ph\\u1ea9m demo 02\",\"qty\":2,\"price\":600,\"weight\":0,\"options\":{\"img\":\"https:\\/\\/nguyentrongpho.com\\/storage\\/photos\\/shares\\/202203\\/demo02.jpeg\",\"url\":\"https:\\/\\/nguyentrongpho.com\\/san-pham-demo-02\"},\"discount\":0,\"tax\":126,\"subtotal\":1200},\"6e80c497710d1561c24d982153642480\":{\"rowId\":\"6e80c497710d1561c24d982153642480\",\"id\":29,\"name\":\"S\\u1ea3n ph\\u1ea9m demo 01\",\"qty\":1,\"price\":500,\"weight\":0,\"options\":{\"img\":\"https:\\/\\/nguyentrongpho.com\\/storage\\/photos\\/shares\\/202203\\/demo01.jpeg\",\"url\":\"https:\\/\\/nguyentrongpho.com\\/san-pham-demo-01\"},\"discount\":0,\"tax\":105,\"subtotal\":500}}'),
(235, 39, 'pay_method', 'pm_gwnl'),
(236, 39, 'pay_method_label', 'Thanh toán online cổng ngân lượng'),
(237, 39, 'order_description', '2 x Sản phẩm demo 02 + 1 x Sản phẩm demo 01'),
(238, 40, 'fee_ship', '50000'),
(239, 40, 'price', '51100'),
(240, 40, 'qty', '2'),
(241, 40, 'cart', '{\"c1e653c5fe3ad8c5fa6f07b4a34fbca0\":{\"rowId\":\"c1e653c5fe3ad8c5fa6f07b4a34fbca0\",\"id\":30,\"name\":\"S\\u1ea3n ph\\u1ea9m demo 02\",\"qty\":1,\"price\":600,\"weight\":0,\"options\":{\"img\":\"https:\\/\\/nguyentrongpho.com\\/storage\\/photos\\/shares\\/202203\\/demo02.jpeg\",\"url\":\"https:\\/\\/nguyentrongpho.com\\/san-pham-demo-02\"},\"discount\":0,\"tax\":126,\"subtotal\":600},\"6e80c497710d1561c24d982153642480\":{\"rowId\":\"6e80c497710d1561c24d982153642480\",\"id\":29,\"name\":\"S\\u1ea3n ph\\u1ea9m demo 01\",\"qty\":1,\"price\":500,\"weight\":0,\"options\":{\"img\":\"https:\\/\\/nguyentrongpho.com\\/storage\\/photos\\/shares\\/202203\\/demo01.jpeg\",\"url\":\"https:\\/\\/nguyentrongpho.com\\/san-pham-demo-01\"},\"discount\":0,\"tax\":105,\"subtotal\":500}}'),
(242, 40, 'pay_method', 'pm_gwnl'),
(243, 40, 'pay_method_label', 'Thanh toán online cổng ngân lượng'),
(244, 40, 'order_description', '1 x Sản phẩm demo 02 + 1 x Sản phẩm demo 01'),
(245, 41, 'fee_ship', '50000'),
(246, 41, 'price', '51100'),
(247, 41, 'qty', '2'),
(248, 41, 'cart', '{\"c1e653c5fe3ad8c5fa6f07b4a34fbca0\":{\"rowId\":\"c1e653c5fe3ad8c5fa6f07b4a34fbca0\",\"id\":30,\"name\":\"S\\u1ea3n ph\\u1ea9m demo 02\",\"qty\":1,\"price\":600,\"weight\":0,\"options\":{\"img\":\"https:\\/\\/nguyentrongpho.com\\/storage\\/photos\\/shares\\/202203\\/demo02.jpeg\",\"url\":\"https:\\/\\/nguyentrongpho.com\\/san-pham-demo-02\"},\"discount\":0,\"tax\":126,\"subtotal\":600},\"6e80c497710d1561c24d982153642480\":{\"rowId\":\"6e80c497710d1561c24d982153642480\",\"id\":29,\"name\":\"S\\u1ea3n ph\\u1ea9m demo 01\",\"qty\":1,\"price\":500,\"weight\":0,\"options\":{\"img\":\"https:\\/\\/nguyentrongpho.com\\/storage\\/photos\\/shares\\/202203\\/demo01.jpeg\",\"url\":\"https:\\/\\/nguyentrongpho.com\\/san-pham-demo-01\"},\"discount\":0,\"tax\":105,\"subtotal\":500}}'),
(249, 41, 'pay_method', 'pm_gwnl'),
(250, 41, 'pay_method_label', 'Thanh toán online cổng ngân lượng'),
(251, 41, 'order_description', '1 x Sản phẩm demo 02 + 1 x Sản phẩm demo 01'),
(252, 42, 'fee_ship', '50000'),
(253, 42, 'price', '51100'),
(254, 42, 'qty', '2'),
(255, 42, 'cart', '{\"c1e653c5fe3ad8c5fa6f07b4a34fbca0\":{\"rowId\":\"c1e653c5fe3ad8c5fa6f07b4a34fbca0\",\"id\":30,\"name\":\"S\\u1ea3n ph\\u1ea9m demo 02\",\"qty\":1,\"price\":600,\"weight\":0,\"options\":{\"img\":\"https:\\/\\/nguyentrongpho.com\\/storage\\/photos\\/shares\\/202203\\/demo02.jpeg\",\"url\":\"https:\\/\\/nguyentrongpho.com\\/san-pham-demo-02\"},\"discount\":0,\"tax\":126,\"subtotal\":600},\"6e80c497710d1561c24d982153642480\":{\"rowId\":\"6e80c497710d1561c24d982153642480\",\"id\":29,\"name\":\"S\\u1ea3n ph\\u1ea9m demo 01\",\"qty\":1,\"price\":500,\"weight\":0,\"options\":{\"img\":\"https:\\/\\/nguyentrongpho.com\\/storage\\/photos\\/shares\\/202203\\/demo01.jpeg\",\"url\":\"https:\\/\\/nguyentrongpho.com\\/san-pham-demo-01\"},\"discount\":0,\"tax\":105,\"subtotal\":500}}'),
(256, 42, 'pay_method', 'pm_gwnl'),
(257, 42, 'pay_method_label', 'Thanh toán online cổng ngân lượng'),
(258, 42, 'order_description', '1 x Sản phẩm demo 02 + 1 x Sản phẩm demo 01'),
(259, 43, 'fee_ship', '50000'),
(260, 43, 'price', '51100'),
(261, 43, 'qty', '2'),
(262, 43, 'cart', '{\"c1e653c5fe3ad8c5fa6f07b4a34fbca0\":{\"rowId\":\"c1e653c5fe3ad8c5fa6f07b4a34fbca0\",\"id\":30,\"name\":\"S\\u1ea3n ph\\u1ea9m demo 02\",\"qty\":1,\"price\":600,\"weight\":0,\"options\":{\"img\":\"https:\\/\\/nguyentrongpho.com\\/storage\\/photos\\/shares\\/202203\\/demo02.jpeg\",\"url\":\"https:\\/\\/nguyentrongpho.com\\/san-pham-demo-02\"},\"discount\":0,\"tax\":126,\"subtotal\":600},\"6e80c497710d1561c24d982153642480\":{\"rowId\":\"6e80c497710d1561c24d982153642480\",\"id\":29,\"name\":\"S\\u1ea3n ph\\u1ea9m demo 01\",\"qty\":1,\"price\":500,\"weight\":0,\"options\":{\"img\":\"https:\\/\\/nguyentrongpho.com\\/storage\\/photos\\/shares\\/202203\\/demo01.jpeg\",\"url\":\"https:\\/\\/nguyentrongpho.com\\/san-pham-demo-01\"},\"discount\":0,\"tax\":105,\"subtotal\":500}}'),
(263, 43, 'pay_method', 'pm_gwnl'),
(264, 43, 'pay_method_label', 'Thanh toán online cổng ngân lượng'),
(265, 43, 'order_description', '1 x Sản phẩm demo 02 + 1 x Sản phẩm demo 01'),
(266, 43, 'gw_transaction_info', 'Giao dich Ngan Luong'),
(267, 43, 'gw_order_code', 'WEB_43'),
(268, 43, 'gw_price', '51100'),
(269, 43, 'gw_payment_id', '19907935'),
(270, 43, 'gw_payment_type', '2'),
(271, 43, 'gw_error_text', ''),
(272, 43, 'gw_secure_code', '3fff028d83bfd827002e6dc8c04cd419'),
(273, 44, 'fee_ship', '50000'),
(274, 44, 'price', '51100'),
(275, 44, 'qty', '2'),
(276, 44, 'cart', '{\"c1e653c5fe3ad8c5fa6f07b4a34fbca0\":{\"rowId\":\"c1e653c5fe3ad8c5fa6f07b4a34fbca0\",\"id\":30,\"name\":\"S\\u1ea3n ph\\u1ea9m demo 02\",\"qty\":1,\"price\":600,\"weight\":0,\"options\":{\"img\":\"https:\\/\\/nguyentrongpho.com\\/storage\\/photos\\/shares\\/202203\\/demo02.jpeg\",\"url\":\"https:\\/\\/nguyentrongpho.com\\/san-pham-demo-02\"},\"discount\":0,\"tax\":126,\"subtotal\":600},\"6e80c497710d1561c24d982153642480\":{\"rowId\":\"6e80c497710d1561c24d982153642480\",\"id\":29,\"name\":\"S\\u1ea3n ph\\u1ea9m demo 01\",\"qty\":1,\"price\":500,\"weight\":0,\"options\":{\"img\":\"https:\\/\\/nguyentrongpho.com\\/storage\\/photos\\/shares\\/202203\\/demo01.jpeg\",\"url\":\"https:\\/\\/nguyentrongpho.com\\/san-pham-demo-01\"},\"discount\":0,\"tax\":105,\"subtotal\":500}}'),
(277, 44, 'pay_method', 'cod'),
(278, 44, 'pay_method_label', 'Thanh toán tiền mặt khi giao hàng'),
(279, 44, 'order_description', '1 x Sản phẩm demo 02 + 1 x Sản phẩm demo 01'),
(280, 45, 'fee_ship', '50000'),
(281, 45, 'price', '51100'),
(282, 45, 'qty', '2'),
(283, 45, 'cart', '{\"6e80c497710d1561c24d982153642480\":{\"rowId\":\"6e80c497710d1561c24d982153642480\",\"id\":29,\"name\":\"S\\u1ea3n ph\\u1ea9m demo 01\",\"qty\":1,\"price\":500,\"weight\":0,\"options\":{\"img\":\"https:\\/\\/nguyentrongpho.com\\/storage\\/photos\\/shares\\/202203\\/demo01.jpeg\",\"url\":\"https:\\/\\/nguyentrongpho.com\\/san-pham-demo-01\"},\"discount\":0,\"tax\":105,\"subtotal\":500},\"c1e653c5fe3ad8c5fa6f07b4a34fbca0\":{\"rowId\":\"c1e653c5fe3ad8c5fa6f07b4a34fbca0\",\"id\":30,\"name\":\"S\\u1ea3n ph\\u1ea9m demo 02\",\"qty\":1,\"price\":600,\"weight\":0,\"options\":{\"img\":\"https:\\/\\/nguyentrongpho.com\\/storage\\/photos\\/shares\\/202203\\/demo02.jpeg\",\"url\":\"https:\\/\\/nguyentrongpho.com\\/san-pham-demo-02\"},\"discount\":0,\"tax\":126,\"subtotal\":600}}'),
(284, 45, 'pay_method', 'cod'),
(285, 45, 'pay_method_label', 'Thanh toán tiền mặt khi giao hàng'),
(286, 45, 'order_description', '1 x Sản phẩm demo 01 + 1 x Sản phẩm demo 02'),
(287, 46, 'fee_ship', '50000'),
(288, 46, 'price', '51100'),
(289, 46, 'qty', '2'),
(290, 46, 'cart', '{\"c1e653c5fe3ad8c5fa6f07b4a34fbca0\":{\"rowId\":\"c1e653c5fe3ad8c5fa6f07b4a34fbca0\",\"id\":30,\"name\":\"S\\u1ea3n ph\\u1ea9m demo 02\",\"qty\":1,\"price\":600,\"weight\":0,\"options\":{\"img\":\"https:\\/\\/nguyentrongpho.com\\/storage\\/photos\\/shares\\/202203\\/demo02.jpeg\",\"url\":\"https:\\/\\/nguyentrongpho.com\\/san-pham-demo-02\"},\"discount\":0,\"tax\":126,\"subtotal\":600},\"6e80c497710d1561c24d982153642480\":{\"rowId\":\"6e80c497710d1561c24d982153642480\",\"id\":29,\"name\":\"S\\u1ea3n ph\\u1ea9m demo 01\",\"qty\":1,\"price\":500,\"weight\":0,\"options\":{\"img\":\"https:\\/\\/nguyentrongpho.com\\/storage\\/photos\\/shares\\/202203\\/demo01.jpeg\",\"url\":\"https:\\/\\/nguyentrongpho.com\\/san-pham-demo-01\"},\"discount\":0,\"tax\":105,\"subtotal\":500}}'),
(291, 46, 'pay_method', 'pm_gwnl'),
(292, 46, 'pay_method_label', 'Thanh toán online cổng ngân lượng'),
(293, 46, 'order_description', '1 x Sản phẩm demo 02 + 1 x Sản phẩm demo 01'),
(294, 47, 'fee_ship', '50000'),
(295, 47, 'price', '51100'),
(296, 47, 'qty', '2'),
(297, 47, 'cart', '{\"c1e653c5fe3ad8c5fa6f07b4a34fbca0\":{\"rowId\":\"c1e653c5fe3ad8c5fa6f07b4a34fbca0\",\"id\":30,\"name\":\"S\\u1ea3n ph\\u1ea9m demo 02\",\"qty\":1,\"price\":600,\"weight\":0,\"options\":{\"img\":\"https:\\/\\/nguyentrongpho.com\\/storage\\/photos\\/shares\\/202203\\/demo02.jpeg\",\"url\":\"https:\\/\\/nguyentrongpho.com\\/san-pham-demo-02\"},\"discount\":0,\"tax\":126,\"subtotal\":600},\"6e80c497710d1561c24d982153642480\":{\"rowId\":\"6e80c497710d1561c24d982153642480\",\"id\":29,\"name\":\"S\\u1ea3n ph\\u1ea9m demo 01\",\"qty\":1,\"price\":500,\"weight\":0,\"options\":{\"img\":\"https:\\/\\/nguyentrongpho.com\\/storage\\/photos\\/shares\\/202203\\/demo01.jpeg\",\"url\":\"https:\\/\\/nguyentrongpho.com\\/san-pham-demo-01\"},\"discount\":0,\"tax\":105,\"subtotal\":500}}'),
(298, 47, 'pay_method', 'pm_gwnl'),
(299, 47, 'pay_method_label', 'Thanh toán online cổng ngân lượng'),
(300, 47, 'order_description', '1 x Sản phẩm demo 02 + 1 x Sản phẩm demo 01'),
(301, 48, 'fee_ship', '50000'),
(302, 48, 'price', '51100'),
(303, 48, 'qty', '2'),
(304, 48, 'cart', '{\"c1e653c5fe3ad8c5fa6f07b4a34fbca0\":{\"rowId\":\"c1e653c5fe3ad8c5fa6f07b4a34fbca0\",\"id\":30,\"name\":\"S\\u1ea3n ph\\u1ea9m demo 02\",\"qty\":1,\"price\":600,\"weight\":0,\"options\":{\"img\":\"https:\\/\\/nguyentrongpho.com\\/storage\\/photos\\/shares\\/202203\\/demo02.jpeg\",\"url\":\"https:\\/\\/nguyentrongpho.com\\/san-pham-demo-02\"},\"discount\":0,\"tax\":126,\"subtotal\":600},\"6e80c497710d1561c24d982153642480\":{\"rowId\":\"6e80c497710d1561c24d982153642480\",\"id\":29,\"name\":\"S\\u1ea3n ph\\u1ea9m demo 01\",\"qty\":1,\"price\":500,\"weight\":0,\"options\":{\"img\":\"https:\\/\\/nguyentrongpho.com\\/storage\\/photos\\/shares\\/202203\\/demo01.jpeg\",\"url\":\"https:\\/\\/nguyentrongpho.com\\/san-pham-demo-01\"},\"discount\":0,\"tax\":105,\"subtotal\":500}}'),
(305, 48, 'pay_method', 'cod'),
(306, 48, 'pay_method_label', 'Thanh toán tiền mặt khi giao hàng'),
(307, 48, 'order_description', '1 x Sản phẩm demo 02 + 1 x Sản phẩm demo 01'),
(308, 49, 'fee_ship', '0'),
(309, 49, 'price', '808900'),
(310, 49, 'qty', '16'),
(311, 49, 'cart', '{\"c1e653c5fe3ad8c5fa6f07b4a34fbca0\":{\"rowId\":\"c1e653c5fe3ad8c5fa6f07b4a34fbca0\",\"id\":30,\"name\":\"S\\u1ea3n ph\\u1ea9m demo 02\",\"qty\":14,\"price\":600,\"weight\":0,\"options\":{\"img\":\"https:\\/\\/nguyentrongpho.com\\/storage\\/photos\\/shares\\/202203\\/demo02.jpeg\",\"url\":\"https:\\/\\/nguyentrongpho.com\\/san-pham-demo-02\"},\"discount\":0,\"tax\":126,\"subtotal\":8400},\"6e80c497710d1561c24d982153642480\":{\"rowId\":\"6e80c497710d1561c24d982153642480\",\"id\":29,\"name\":\"S\\u1ea3n ph\\u1ea9m demo 01\",\"qty\":1,\"price\":500,\"weight\":0,\"options\":{\"img\":\"https:\\/\\/nguyentrongpho.com\\/storage\\/photos\\/shares\\/202203\\/demo01.jpeg\",\"url\":\"https:\\/\\/nguyentrongpho.com\\/san-pham-demo-01\"},\"discount\":0,\"tax\":105,\"subtotal\":500},\"8e342508ee10642795cf973e393ea528\":{\"rowId\":\"8e342508ee10642795cf973e393ea528\",\"id\":32,\"name\":\"S\\u1ea3n ph\\u1ea9m demo 03\",\"qty\":1,\"price\":800000,\"weight\":0,\"options\":{\"img\":null,\"url\":\"https:\\/\\/nguyentrongpho.com\\/san-pham-demo-03\"},\"discount\":0,\"tax\":168000,\"subtotal\":800000}}'),
(312, 49, 'pay_method', 'pm_gwnl'),
(313, 49, 'pay_method_label', 'Thanh toán online cổng ngân lượng'),
(314, 49, 'order_description', '14 x Sản phẩm demo 02 + 1 x Sản phẩm demo 01 + 1 x Sản phẩm demo 03'),
(315, 50, 'fee_ship', '0'),
(316, 50, 'price', '1600000'),
(317, 50, 'qty', '2'),
(318, 50, 'cart', '{\"8e342508ee10642795cf973e393ea528\":{\"rowId\":\"8e342508ee10642795cf973e393ea528\",\"id\":32,\"name\":\"S\\u1ea3n ph\\u1ea9m demo 03\",\"qty\":2,\"price\":800000,\"weight\":0,\"options\":{\"img\":null,\"url\":\"https:\\/\\/nguyentrongpho.com\\/san-pham-demo-03\"},\"discount\":0,\"tax\":168000,\"subtotal\":1600000}}'),
(319, 50, 'pay_method', 'pm_gwnl'),
(320, 50, 'pay_method_label', 'Thanh toán online cổng ngân lượng'),
(321, 50, 'order_description', '2 x Sản phẩm demo 03');

INSERT INTO `brv_term_relationships` (`id`, `term_id`, `post_id`, `term_order`) VALUES
(1, 1, 1, 0),
(2, 1, 2, 0),
(47, 4, 10, 0),
(60, 5, 11, 0),
(109, 3, 8, 0),
(110, 2, 8, 0),
(119, 3, 3, 0),
(120, 2, 3, 0),
(121, 3, 7, 0),
(122, 2, 7, 0),
(123, 3, 9, 0),
(124, 2, 9, 0),
(125, 1, 14, 0),
(126, 1, 15, 0),
(127, 1, 16, 0),
(128, 1, 17, 0),
(135, 3, 18, 0),
(136, 6, 18, 0),
(137, 6, 19, 0),
(138, 3, 19, 0),
(139, 7, 21, 0),
(140, 3, 21, 0),
(145, 3, 22, 0),
(146, 7, 22, 0),
(147, 6, 24, 0),
(148, 7, 24, 0),
(149, 3, 24, 0),
(152, 3, 6, 0),
(153, 2, 6, 0),
(168, 3, 25, 0),
(169, 2, 25, 0),
(170, 3, 5, 0),
(171, 2, 5, 0),
(181, 3, 26, 0),
(182, 2, 26, 0),
(185, 3, 4, 0),
(186, 2, 4, 0),
(187, 9, 31, 0),
(188, 10, 30, 0),
(189, 10, 29, 0),
(190, 10, 32, 0),
(211, 3, 13, 0),
(212, 2, 13, 0);

INSERT INTO `brv_terms` (`id`, `name`, `slug`, `taxonomy`, `description`, `parent`, `created_at`, `updated_at`) VALUES
(1, 'Main Menu', 'main-menu', 'menugroup', NULL, 0, '2022-01-20 19:08:59', '2022-01-20 19:08:59'),
(2, 'Hướng dẫn sử dụng website', 'huong-dan-su-dung-website', 'category', NULL, 3, '2022-01-20 19:11:20', '2022-01-23 10:53:59'),
(3, 'All', 'all', 'category', NULL, 0, '2022-01-23 10:53:51', '2022-01-23 10:53:51'),
(4, 'Slide PC', 'slide-pc', 'albumgroup', 'Mô tả cấu hình album', 0, '2022-01-23 13:44:20', '2022-01-23 13:44:20'),
(5, 'Nhóm video demo', 'nhom-video-demo', 'videogroup', 'Mô tả nhóm video', 0, '2022-01-23 14:02:55', '2022-01-23 14:02:55'),
(6, 'Tip & Trick', 'tip-trick', 'category', NULL, 3, '2022-02-06 14:15:42', '2022-02-06 14:15:54'),
(7, 'Tutorial', 'tutorial', 'category', NULL, 3, '2022-02-09 07:21:06', '2022-02-09 07:21:06'),
(8, 'Nhóm bài viết demo', 'nhom-bai-viet-demo', 'category', NULL, 0, '2022-03-18 04:45:16', '2022-03-18 04:45:16'),
(9, 'Demo', 'demo', 'menugroup', NULL, 0, '2022-03-21 16:31:38', '2022-03-21 16:31:38'),
(10, 'Nhóm sản phẩm demo', 'nhom-san-pham-demo', 'productgroup', NULL, 0, '2022-03-21 16:31:55', '2022-03-21 16:31:55'),
(11, 'xxx', 'xxx', 'tag', NULL, 0, '2022-05-05 14:23:51', '2022-05-05 14:23:51'),
(12, 'News', 'news', 'category', NULL, 0, '2022-05-08 08:48:51', '2022-05-08 08:48:51');

INSERT INTO `brv_user_meta` (`id`, `user_id`, `key`, `value`) VALUES
(1, 1, 'menu_select', '1'),
(2, 1, 'category_select', '0'),
(3, 1, 'receive_report', 'yes'),
(4, 1, 'video_select', '5'),
(5, 1, 'product_select', '0'),
(6, 1, 'order_select', '0');

INSERT INTO `migrations` (`id`, `migration`, `batch`) VALUES
(1, '2014_10_12_000000_create_users_table', 1),
(2, '2014_10_12_100000_create_password_resets_table', 1),
(3, '2014_10_12_200000_add_two_factor_columns_to_users_table', 1),
(4, '2019_08_19_000000_create_failed_jobs_table', 1),
(5, '2019_12_14_000001_create_personal_access_tokens_table', 1),
(6, '2020_06_22_234222_create_crawler_profile_table', 1),
(7, '2020_07_05_110309_create_crawler_data_tables_table', 1),
(8, '2021_04_22_023056_create_user_meta', 1),
(9, '2021_05_10_101955_add_avatar_colums_to_users_table', 1),
(10, '2021_10_01_144805_create_table_terms', 1),
(11, '2021_10_01_145025_create_table_posts', 1),
(12, '2021_10_01_145035_create_table_post_meta', 1),
(13, '2021_10_01_146944_create_table_term_relationships', 1),
(14, '2021_10_01_147011_create_table_term_meta', 1),
(15, '2021_10_09_165957_create_comment_table', 1),
(16, '2021_10_11_145045_create_table_options', 1),
(17, '2021_10_16_154410_receive_data', 1),
(18, '2021_10_16_162402_receive_data_meta', 1),
(19, '2022_03_27_165213_create_receive_data_cart_tabel', 1),
(20, '2022_04_28_155509_create_sessions_table', 1),
(21, '2022_04_28_161926_create_permission_tables', 1);

INSERT INTO `model_has_roles` (`role_id`, `model_type`, `model_id`) VALUES
(1, 'App\\Models\\User', 1);

INSERT INTO `roles` (`id`, `name`, `guard_name`, `created_at`, `updated_at`) VALUES
(1, 'SuperAdmin', 'web', NULL, NULL);

INSERT INTO `sessions` (`id`, `user_id`, `ip_address`, `user_agent`, `payload`, `last_activity`) VALUES
('cfY4yA4SPlsjBMvUWohvIPABliE89RDeTDP9DhOu', 1, '127.0.0.1', 'Mozilla/5.0 (Macintosh; Intel Mac OS X 10_15_7) AppleWebKit/537.36 (KHTML, like Gecko) Chrome/102.0.0.0 Safari/537.36', 'YTo1OntzOjY6Il90b2tlbiI7czo0MDoiVXEyQTdxSEZCbURRSUxyQk96TDNZYjNnSUlORklJUUt4dkxqZnlpeCI7czo5OiJfcHJldmlvdXMiO2E6MTp7czozOiJ1cmwiO3M6MzI6Imh0dHA6Ly8xMjcuMC4wLjE6ODAwMC9hZG1pbi9tZW51Ijt9czo2OiJfZmxhc2giO2E6Mjp7czozOiJvbGQiO2E6MDp7fXM6MzoibmV3IjthOjA6e319czo1MDoibG9naW5fd2ViXzU5YmEzNmFkZGMyYjJmOTQwMTU4MGYwMTRjN2Y1OGVhNGUzMDk4OWQiO2k6MTtzOjIxOiJwYXNzd29yZF9oYXNoX3NhbmN0dW0iO3M6NjA6IiQyeSQxMCR5bnFCaU5WZVExc3BhLy5EdGNrWFJlVmxMUEUvdHZPbTVTTXBnQ3dDTm45eGFSdmZoSTduTyI7fQ==', 1654628921);

INSERT INTO `users` (`id`, `name`, `email`, `email_verified_at`, `password`, `avatar`, `two_factor_secret`, `two_factor_recovery_codes`, `two_factor_confirmed_at`, `remember_token`, `current_team_id`, `profile_photo_path`, `created_at`, `updated_at`) VALUES
(1, 'SuperUser', 'superuser@gmail.com', '2022-06-07 19:05:14', '$2y$10$ynqBiNVeQ1spa/.DtckXReVlLPE/tvOm5SMpgCwCNn9xaRvfhI7nO', NULL, NULL, NULL, NULL, 'aoKlcoWPRa', NULL, NULL, '2022-06-07 19:05:14', '2022-06-07 19:05:14');



/*!40101 SET SQL_MODE=@OLD_SQL_MODE */;
/*!40014 SET FOREIGN_KEY_CHECKS=@OLD_FOREIGN_KEY_CHECKS */;
/*!40014 SET UNIQUE_CHECKS=@OLD_UNIQUE_CHECKS */;
/*!40101 SET CHARACTER_SET_CLIENT=@OLD_CHARACTER_SET_CLIENT */;
/*!40101 SET CHARACTER_SET_RESULTS=@OLD_CHARACTER_SET_RESULTS */;
/*!40101 SET COLLATION_CONNECTION=@OLD_COLLATION_CONNECTION */;
/*!40111 SET SQL_NOTES=@OLD_SQL_NOTES */;